Food_Item,Calories,Protein_g,Carbs_g,Fat_g,Meal_Type,Diet_Type
Lemon Tofu Roast with Ramen,656,20.6,56.4,30.6,Breakfast,Veg
Garlic Egg Pasta with Pasta,404,37.4,33.2,27.3,Dinner,Veg
Garlic Lentil Stir Fry with Noodles,379,12.3,85.3,13.2,Dinner,Veg
Masala Pork Noodles with Bun,631,29.2,40.2,21.1,Snack,Veg
Lemon Lentil Noodles with Bun,94,2.3,76.6,31.4,Snack,Veg
Garlic Shrimp Tacos with Noodles,220,31.5,63.2,10.1,Lunch,Non-Veg
Spicy Lentil Soup with Dumpling,571,10.4,59.3,17.2,Snack,Veg
Spicy Shrimp Noodles with Noodles,81,21.2,15.7,1.1,Lunch,Non-Veg
Honey Beef Soup with Noodles,218,2.1,78.4,3.7,Snack,Non-Veg
Masala Paneer Burger with Quinoa,173,14.8,74,20.6,Snack,Non-Veg
Lemon Tofu Curry with Quinoa,422,3.1,39.1,19.4,Snack,Non-Veg
Butter Tofu Stir Fry with Bun,522,14.5,78.3,20.7,Lunch,Non-Veg
Herb Chicken Stir Fry with Flatbread,644,17.6,7,6.7,Dinner,Non-Veg
BBQ Fish Salad with Flatbread,102,34,81.2,18,Breakfast,Non-Veg
Herb Chicken Stir Fry with Dumpling,92,4.6,71.2,16.9,Breakfast,Non-Veg
Lemon Lentil Stir Fry with Ramen,284,29.8,82.9,27,Lunch,Veg
Chili Fish Roast with Quinoa,392,28.9,40.2,19.6,Snack,Non-Veg
Honey Turkey Pasta with Pasta,434,8.7,48.5,28.7,Snack,Veg
Spicy Turkey Soup with Dumpling,467,24.2,87.3,5,Lunch,Non-Veg
Lemon Fish Noodles with Bun,504,29.2,17.7,5.7,Snack,Non-Veg
Garlic Egg Pasta with Noodles,143,10.3,32,14.7,Snack,Veg
Butter Paneer Pasta with Bread,455,36.6,25.3,24.8,Snack,Non-Veg
Lemon Paneer Wrap with Pasta,384,31.3,50.4,6,Snack,Veg
Butter Beef Burger with Dumpling,288,37.7,56.8,34.8,Breakfast,Veg
BBQ Egg Stir Fry with Rice,672,3.8,56.4,22.1,Lunch,Veg
Chili Beef Pasta with Flatbread,99,13.5,48,23.7,Snack,Veg
Butter Chicken Stir Fry with Dumpling,129,12.3,77.7,8.8,Snack,Non-Veg
Butter Turkey Salad with Flatbread,535,9,40.7,3.6,Dinner,Veg
Chili Shrimp Rice Bowl with Pasta,407,36.4,27.8,2.8,Snack,Non-Veg
Herb Shrimp Grill with Quinoa,234,25.4,18.4,29.4,Breakfast,Veg
Garlic Lentil Wrap with Rice,272,26.7,19.5,11.4,Snack,Veg
Herb Tofu Burger with Rice,267,15.7,23.6,19.3,Breakfast,Veg
Herb Beef Noodles with Bun,477,19,5.1,35,Dinner,Non-Veg
Spicy Pork Roast with Bread,332,29.6,75.4,31.6,Breakfast,Non-Veg
Herb Pork Salad with Bread,496,20.9,69.9,28.4,Breakfast,Veg
Spicy Tofu Burger with Flatbread,579,25.8,64.5,8.6,Lunch,Veg
Chili Shrimp Wrap with Rice,195,31.7,40.4,19.7,Breakfast,Non-Veg
Herb Shrimp Stir Fry with Rice,333,17.2,43.2,1.8,Breakfast,Veg
Butter Turkey Stir Fry with Pasta,272,4.5,88.1,30.7,Snack,Non-Veg
Garlic Paneer Burger with Quinoa,421,11.9,51.4,17.8,Dinner,Non-Veg
Chili Shrimp Curry with Quinoa,363,16.1,33.1,18.3,Snack,Non-Veg
Spicy Paneer Curry with Biryani,164,38.8,47.6,13.7,Snack,Veg
Butter Fish Soup with Ramen,667,16.3,26.4,6.9,Breakfast,Non-Veg
Butter Paneer Stir Fry with Flatbread,651,36,70,30.8,Snack,Non-Veg
Herb Chicken Pasta with Noodles,558,7.6,72.3,32.3,Snack,Veg
BBQ Paneer Rice Bowl with Quinoa,101,23.4,5.9,24.5,Dinner,Non-Veg
Spicy Pork Stir Fry with Ramen,251,29.6,23.4,33.9,Dinner,Non-Veg
Chili Chicken Soup with Bread,353,2.7,33.9,21.5,Breakfast,Veg
Lemon Fish Tacos with Flatbread,556,16.7,61.9,28.4,Lunch,Non-Veg
Masala Fish Rice Bowl with Rice,608,15.8,60.7,29,Breakfast,Veg
Teriyaki Paneer Salad with Flatbread,401,4.8,39.3,26.7,Dinner,Veg
Spicy Pork Pasta with Bun,340,26,89.6,7.3,Dinner,Veg
Herb Paneer Noodles with Rice,573,23.8,66.3,27.7,Snack,Non-Veg
Garlic Beef Noodles with Pasta,229,25.2,22.5,1,Snack,Non-Veg
Herb Paneer Noodles with Noodles,299,14,12.4,25.9,Snack,Non-Veg
Chili Chicken Curry with Flatbread,582,11.8,84.3,10.1,Lunch,Non-Veg
Spicy Chicken Wrap with Rice,354,18.8,87.5,26.5,Snack,Veg
Lemon Lentil Wrap with Rice,119,13,42.8,33.5,Dinner,Non-Veg
Herb Turkey Grill with Bread,668,16.6,38.4,3.5,Snack,Non-Veg
Lemon Turkey Soup with Pasta,594,32.1,76.6,25.1,Snack,Veg
Masala Pork Noodles with Noodles,260,16.8,83.6,26.2,Dinner,Non-Veg
Garlic Beef Pasta with Dumpling,472,2.7,34.8,3.5,Lunch,Non-Veg
Chili Pork Noodles with Biryani,558,27.1,85.2,23.7,Snack,Non-Veg
Spicy Fish Grill with Quinoa,642,7.6,89.5,12.4,Lunch,Non-Veg
Honey Pork Rice Bowl with Bun,689,35.9,37.1,21.2,Snack,Non-Veg
Lemon Egg Pasta with Bread,116,22.8,26,10.3,Breakfast,Veg
Lemon Turkey Curry with Bread,375,24.8,31.5,12.1,Snack,Non-Veg
Herb Pork Tacos with Dumpling,210,28.6,49.7,1.5,Dinner,Non-Veg
Spicy Shrimp Wrap with Pasta,402,20.2,82.1,10.7,Snack,Non-Veg
Spicy Turkey Grill with Rice,242,10.5,78.1,13.2,Lunch,Non-Veg
BBQ Shrimp Roast with Bread,567,22.6,11.2,27.6,Snack,Veg
Garlic Fish Salad with Noodles,589,5.3,40,34,Snack,Veg
Teriyaki Turkey Grill with Dumpling,185,24.7,59.2,30,Breakfast,Non-Veg
Butter Shrimp Stir Fry with Dumpling,672,33.2,40,20.7,Dinner,Veg
Spicy Egg Tacos with Quinoa,289,30,15,5.7,Breakfast,Non-Veg
BBQ Turkey Burger with Flatbread,375,26.9,17.2,32.9,Dinner,Non-Veg
Herb Turkey Noodles with Ramen,126,39.8,53.4,22.7,Lunch,Non-Veg
BBQ Shrimp Soup with Bun,246,13.4,77.4,1.2,Snack,Non-Veg
Chili Shrimp Salad with Biryani,170,18.3,40.6,9.7,Lunch,Non-Veg
Masala Shrimp Salad with Noodles,142,23.8,66.2,23.4,Snack,Non-Veg
Chili Paneer Pasta with Quinoa,122,25.9,87.6,27.4,Lunch,Veg
BBQ Beef Pasta with Bread,206,2,72.3,28.7,Dinner,Veg
Butter Tofu Grill with Noodles,591,34.9,71.6,15.9,Breakfast,Non-Veg
Chili Shrimp Curry with Biryani,409,30.2,41.1,11.1,Snack,Non-Veg
Spicy Lentil Salad with Biryani,194,5.7,50.3,33,Snack,Veg
Butter Chicken Grill with Bun,196,20.4,43.5,20.9,Snack,Non-Veg
Herb Paneer Salad with Ramen,444,4.6,61.6,24.7,Breakfast,Veg
Chili Egg Curry with Rice,128,30.4,78.4,20.9,Snack,Non-Veg
Teriyaki Shrimp Roast with Rice,429,33,35.4,12.9,Snack,Non-Veg
Honey Pork Tacos with Pasta,163,22.9,53,17.7,Snack,Veg
Chili Pork Wrap with Pasta,668,10.3,88.9,32.5,Snack,Veg
Butter Paneer Grill with Dumpling,403,26.2,79.4,23.1,Lunch,Veg
Chili Turkey Grill with Bun,429,3.2,13.6,19.7,Breakfast,Veg
Garlic Fish Curry with Noodles,411,23.5,88.1,21.5,Lunch,Veg
Teriyaki Fish Rice Bowl with Ramen,517,16.3,67.8,19.4,Breakfast,Veg
BBQ Beef Noodles with Noodles,500,25.4,74.2,20,Lunch,Non-Veg
Herb Beef Stir Fry with Pasta,232,10.3,32.9,26.7,Dinner,Non-Veg
Lemon Fish Wrap with Dumpling,474,2.4,80.2,27,Lunch,Veg
Butter Beef Soup with Flatbread,356,8.7,5.7,18,Dinner,Veg
Teriyaki Chicken Rice Bowl with Bread,506,6.6,26.2,17.1,Dinner,Non-Veg
Garlic Lentil Stir Fry with Bun,365,7.1,81,26.3,Dinner,Non-Veg
Teriyaki Paneer Pasta with Bread,89,23.8,5.6,24.1,Dinner,Veg
Masala Tofu Stir Fry with Bun,555,10.4,79.6,6.3,Dinner,Veg
Masala Fish Stir Fry with Biryani,347,10.4,25,28.4,Lunch,Veg
Herb Turkey Wrap with Biryani,418,31.6,37.1,30.1,Breakfast,Non-Veg
BBQ Shrimp Soup with Pasta,322,36.9,26.9,11.4,Breakfast,Non-Veg
Masala Beef Curry with Dumpling,615,19.4,71.4,25.8,Breakfast,Non-Veg
Herb Tofu Rice Bowl with Biryani,520,12,49.4,32.2,Dinner,Veg
Honey Egg Rice Bowl with Flatbread,337,29.9,24.4,19.7,Breakfast,Veg
Chili Fish Tacos with Flatbread,434,13.4,32.3,26.6,Lunch,Non-Veg
Masala Fish Burger with Bread,569,11.2,53.3,9.9,Dinner,Veg
Herb Chicken Pasta with Dumpling,681,16.2,13.4,2.4,Lunch,Non-Veg
Garlic Fish Pasta with Bread,558,29.9,69.2,6.3,Dinner,Non-Veg
BBQ Turkey Rice Bowl with Ramen,325,39.1,6.7,4.6,Dinner,Veg
BBQ Chicken Noodles with Dumpling,375,10,81.8,7.4,Snack,Veg
Lemon Egg Pasta with Rice,560,22.1,61.8,7,Snack,Veg
BBQ Chicken Tacos with Bread,117,6,54.3,2.5,Lunch,Veg
Chili Paneer Rice Bowl with Quinoa,291,20.9,14.3,14.5,Snack,Veg
Teriyaki Turkey Pasta with Bread,270,37.9,26.6,25.9,Breakfast,Veg
Butter Egg Soup with Flatbread,88,33,44.5,16.8,Lunch,Non-Veg
Teriyaki Pork Soup with Noodles,643,7.2,79.4,8.7,Lunch,Non-Veg
Spicy Shrimp Wrap with Biryani,217,5.3,33.9,3.6,Lunch,Veg
Herb Fish Roast with Pasta,371,27.5,36.5,18.7,Dinner,Veg
Butter Shrimp Curry with Dumpling,428,11.8,87.4,22.5,Breakfast,Veg
Butter Egg Rice Bowl with Biryani,593,33.4,54.3,26.1,Lunch,Veg
Chili Paneer Curry with Dumpling,215,23.4,42.3,11.3,Lunch,Veg
Butter Chicken Stir Fry with Quinoa,493,7.7,13,17.9,Lunch,Non-Veg
Honey Beef Roast with Rice,97,6.2,36.5,25.8,Breakfast,Veg
Spicy Turkey Burger with Bread,258,16,39.9,18.4,Breakfast,Non-Veg
Lemon Egg Rice Bowl with Dumpling,405,13.2,10.5,4.6,Lunch,Non-Veg
Garlic Fish Soup with Ramen,698,17.8,82.7,24.5,Lunch,Non-Veg
Masala Chicken Roast with Quinoa,169,9.9,78,4.1,Dinner,Veg
Herb Pork Stir Fry with Bun,601,19.2,38.3,28.6,Snack,Veg
BBQ Tofu Roast with Rice,127,18.5,16.6,17.8,Dinner,Non-Veg
BBQ Paneer Pasta with Noodles,503,35.4,16.9,7.1,Snack,Veg
Spicy Lentil Curry with Bun,443,20.2,32.9,16.5,Lunch,Veg
Spicy Egg Pasta with Biryani,324,25.5,31.4,27.3,Snack,Non-Veg
Lemon Tofu Pasta with Pasta,673,8.6,8.5,31.8,Snack,Non-Veg
Spicy Lentil Salad with Noodles,305,20.5,85.6,13.4,Dinner,Non-Veg
Honey Shrimp Noodles with Dumpling,611,34,73,15.7,Breakfast,Non-Veg
Garlic Beef Soup with Ramen,490,38.1,62.6,27.8,Lunch,Non-Veg
Herb Egg Burger with Noodles,293,20.2,20.6,20.2,Lunch,Non-Veg
Teriyaki Pork Salad with Pasta,456,29,83.2,16.7,Dinner,Veg
Honey Fish Curry with Bun,570,22.4,59.3,3.4,Lunch,Veg
Spicy Fish Tacos with Bread,81,37.2,42.1,15.5,Lunch,Veg
BBQ Tofu Curry with Bread,593,6.6,12.3,1.1,Breakfast,Non-Veg
Teriyaki Egg Salad with Noodles,469,30.7,9.8,22.1,Breakfast,Veg
Butter Beef Noodles with Quinoa,253,13.6,78.5,27.3,Dinner,Non-Veg
BBQ Shrimp Wrap with Ramen,665,20.2,35.8,5,Breakfast,Non-Veg
Lemon Egg Wrap with Flatbread,397,16.3,87.8,15.4,Snack,Veg
Honey Beef Noodles with Biryani,100,39.7,67.5,7.5,Lunch,Veg
Chili Pork Rice Bowl with Quinoa,695,14.7,29.8,17.7,Snack,Non-Veg
Butter Pork Noodles with Ramen,179,12.1,31,9.7,Snack,Non-Veg
BBQ Fish Grill with Dumpling,308,11.5,27.6,3.7,Dinner,Veg
Spicy Turkey Rice Bowl with Biryani,206,30.9,78.4,33.1,Breakfast,Non-Veg
Spicy Egg Curry with Dumpling,384,26.4,15.6,33.9,Lunch,Non-Veg
Butter Shrimp Tacos with Dumpling,692,14.5,84.6,25.9,Lunch,Non-Veg
Lemon Pork Tacos with Noodles,560,32.2,28.2,16.5,Lunch,Non-Veg
Butter Paneer Noodles with Noodles,318,8.2,74.3,5.5,Breakfast,Veg
BBQ Beef Salad with Noodles,432,10.9,87.4,13.7,Snack,Non-Veg
Teriyaki Shrimp Stir Fry with Bun,607,33.5,9.2,32.6,Snack,Non-Veg
Honey Tofu Grill with Biryani,430,8.5,77.6,31.2,Dinner,Veg
Masala Shrimp Salad with Dumpling,473,22.7,9.9,22.8,Dinner,Non-Veg
Butter Pork Grill with Bun,162,2,86.5,9.1,Breakfast,Veg
Spicy Pork Stir Fry with Bread,552,10.5,72.5,2.6,Breakfast,Non-Veg
Butter Lentil Wrap with Bun,549,39.3,14.7,13,Breakfast,Non-Veg
Garlic Pork Stir Fry with Bun,312,31.2,5.3,7.1,Snack,Veg
BBQ Lentil Stir Fry with Rice,699,24.1,75.5,5.6,Lunch,Non-Veg
BBQ Shrimp Stir Fry with Bread,493,6.7,85.5,29.2,Dinner,Veg
Spicy Beef Roast with Bread,674,28,77,31.3,Dinner,Non-Veg
Garlic Paneer Grill with Noodles,294,37.9,26.5,17.8,Dinner,Non-Veg
Masala Shrimp Burger with Biryani,447,18.6,11.5,5.3,Snack,Non-Veg
Honey Lentil Roast with Biryani,86,28.8,89.3,32.6,Snack,Veg
Masala Turkey Grill with Flatbread,364,34,46.7,13,Snack,Veg
Spicy Lentil Rice Bowl with Noodles,579,18.7,81,16.1,Dinner,Non-Veg
Garlic Chicken Grill with Biryani,531,34.3,16.2,29.6,Dinner,Veg
Chili Egg Rice Bowl with Flatbread,679,6.6,58.5,23.5,Dinner,Veg
Herb Pork Roast with Dumpling,667,11.3,56.6,3.8,Breakfast,Non-Veg
Herb Chicken Rice Bowl with Quinoa,533,24.6,46.1,13.4,Snack,Veg
Butter Fish Tacos with Bun,463,19,75.9,19.9,Breakfast,Veg
Honey Shrimp Stir Fry with Noodles,132,35.4,16.4,16.3,Breakfast,Non-Veg
Spicy Chicken Grill with Dumpling,657,12,18.8,27.1,Snack,Non-Veg
BBQ Lentil Stir Fry with Bread,151,20.9,11.6,1.1,Lunch,Veg
Garlic Beef Tacos with Ramen,246,26.7,63.6,17.2,Lunch,Non-Veg
BBQ Fish Stir Fry with Ramen,484,15.8,53.3,22,Snack,Non-Veg
Spicy Tofu Curry with Pasta,470,19.5,36.4,7,Dinner,Non-Veg
Teriyaki Turkey Soup with Bread,379,20.4,75.8,4.9,Lunch,Non-Veg
Garlic Lentil Salad with Flatbread,619,39.9,6,13.4,Lunch,Non-Veg
Chili Egg Salad with Bun,356,37.9,63.1,8.7,Snack,Non-Veg
Masala Lentil Rice Bowl with Biryani,301,37.9,51.7,26.7,Snack,Non-Veg
Masala Chicken Curry with Flatbread,557,17.2,15.3,34.4,Lunch,Veg
Lemon Pork Roast with Bread,213,22.2,61.4,1.1,Breakfast,Veg
Spicy Beef Rice Bowl with Ramen,537,37.6,73.3,2.3,Snack,Non-Veg
Herb Fish Grill with Dumpling,486,7.1,57.5,31.5,Breakfast,Veg
Honey Beef Burger with Flatbread,568,9.4,60.1,21.7,Breakfast,Veg
Lemon Chicken Noodles with Quinoa,546,12.1,58.8,33.5,Snack,Veg
Honey Beef Roast with Bun,239,18.7,26.3,8.3,Dinner,Veg
Chili Egg Rice Bowl with Noodles,645,5.3,51.7,23.5,Lunch,Non-Veg
Herb Fish Tacos with Noodles,338,26.6,31,25,Snack,Non-Veg
Teriyaki Lentil Soup with Biryani,379,38.3,78.4,10.8,Lunch,Veg
Honey Turkey Rice Bowl with Noodles,340,16.7,71.8,11.2,Dinner,Veg
Garlic Paneer Burger with Rice,612,25.4,82.2,11.6,Snack,Non-Veg
Chili Pork Soup with Bread,509,8.5,31.3,10.4,Breakfast,Veg
Spicy Paneer Salad with Rice,623,28,14.3,31.6,Breakfast,Veg
Lemon Paneer Curry with Bun,128,10.9,5,16.5,Breakfast,Non-Veg
Herb Chicken Burger with Quinoa,219,32,30.3,26.2,Breakfast,Veg
Masala Beef Tacos with Bun,258,3,56.7,23.3,Snack,Veg
Garlic Tofu Salad with Dumpling,313,21,25.6,8.6,Lunch,Non-Veg
Chili Egg Salad with Pasta,531,7.6,50.9,12,Breakfast,Veg
Teriyaki Beef Grill with Dumpling,680,4.4,55.5,20.3,Breakfast,Veg
Chili Chicken Tacos with Dumpling,156,10.3,11.5,34.3,Snack,Non-Veg
Butter Beef Stir Fry with Bun,435,35.6,42.9,3.4,Snack,Veg
BBQ Paneer Rice Bowl with Bun,445,36,83.3,11.9,Dinner,Veg
Spicy Chicken Curry with Pasta,170,29.2,44.7,20.2,Dinner,Non-Veg
Herb Lentil Pasta with Bread,629,31.7,89,33.9,Dinner,Veg
Herb Turkey Wrap with Bread,661,21.5,54.4,29.2,Lunch,Veg
Herb Tofu Salad with Noodles,124,20,79,6.5,Breakfast,Non-Veg
Lemon Fish Grill with Flatbread,477,16.8,11.6,24,Breakfast,Veg
Herb Tofu Curry with Noodles,389,12.8,89.4,10.9,Lunch,Non-Veg
Masala Shrimp Soup with Flatbread,219,3.6,24.5,7.1,Snack,Veg
BBQ Paneer Rice Bowl with Bread,601,17.9,81.7,5.3,Snack,Non-Veg
Honey Paneer Wrap with Dumpling,553,35.7,40.5,32,Snack,Veg
Spicy Turkey Curry with Biryani,682,9.9,36.1,14,Dinner,Veg
Honey Egg Burger with Pasta,361,39.4,19.9,3.9,Lunch,Non-Veg
Garlic Paneer Noodles with Bread,699,21,7.5,14.1,Dinner,Veg
Herb Chicken Noodles with Noodles,175,33.6,64.8,10.9,Dinner,Veg
Teriyaki Chicken Rice Bowl with Bun,378,35.1,36.2,12,Snack,Veg
Herb Chicken Grill with Flatbread,253,4.9,72,20,Dinner,Veg
Chili Egg Soup with Rice,477,22.4,43.9,4,Dinner,Veg
Honey Lentil Wrap with Flatbread,383,14.7,42.7,16.2,Lunch,Non-Veg
Spicy Chicken Curry with Bun,450,19.2,39.5,25,Lunch,Non-Veg
Chili Tofu Burger with Pasta,660,35.5,55.6,12.1,Lunch,Non-Veg
Masala Beef Rice Bowl with Bread,163,11.2,19.5,15.2,Snack,Non-Veg
Chili Turkey Grill with Quinoa,611,28.4,52.7,18.3,Breakfast,Veg
Chili Pork Noodles with Ramen,612,32.4,56.6,30.4,Breakfast,Veg
Spicy Fish Salad with Quinoa,448,34,14.8,14.4,Dinner,Veg
Masala Lentil Soup with Dumpling,147,18.4,88.5,6.6,Dinner,Veg
Masala Lentil Rice Bowl with Noodles,223,31.2,85.1,11.9,Dinner,Veg
Butter Fish Pasta with Noodles,233,8,77.9,26.1,Lunch,Non-Veg
Teriyaki Chicken Wrap with Bread,646,26.7,45.7,11.8,Dinner,Non-Veg
Butter Turkey Wrap with Bread,465,37.9,63.1,25.9,Snack,Non-Veg
Herb Fish Curry with Pasta,605,10.1,35.8,4.7,Snack,Non-Veg
Chili Chicken Wrap with Dumpling,454,12.2,85.3,28.9,Breakfast,Veg
Masala Chicken Rice Bowl with Bun,296,6.3,12.9,19.8,Snack,Non-Veg
Lemon Paneer Wrap with Dumpling,673,39.8,43.5,6.5,Dinner,Non-Veg
Butter Paneer Wrap with Quinoa,113,5,83.7,30.5,Snack,Veg
Butter Beef Grill with Biryani,125,10.3,82,8.1,Snack,Non-Veg
Garlic Shrimp Pasta with Noodles,143,12.2,60.1,3.4,Snack,Veg
Teriyaki Chicken Stir Fry with Dumpling,371,21,73.5,23.4,Snack,Non-Veg
Butter Egg Wrap with Biryani,592,24.2,54.6,31.4,Lunch,Veg
Honey Chicken Wrap with Bread,209,36.6,44.8,10.5,Snack,Veg
BBQ Tofu Noodles with Bun,94,29.1,81.5,27.4,Snack,Veg
Chili Paneer Rice Bowl with Bread,280,26.6,63,9.1,Breakfast,Veg
Lemon Lentil Grill with Bread,666,2.4,53.9,1.8,Lunch,Veg
Spicy Beef Soup with Dumpling,158,30.3,66.6,26.7,Lunch,Veg
Teriyaki Paneer Noodles with Bun,344,10.8,88.8,3.7,Snack,Non-Veg
Chili Egg Stir Fry with Flatbread,632,9.7,79.9,26.2,Dinner,Veg
Lemon Pork Soup with Dumpling,556,24.3,10.7,2.7,Snack,Veg
Lemon Pork Curry with Ramen,212,14.9,27.5,8.9,Snack,Non-Veg
Spicy Beef Roast with Biryani,540,22.2,84.1,19,Snack,Veg
Lemon Paneer Burger with Dumpling,337,24.2,28.2,10.9,Lunch,Non-Veg
BBQ Paneer Soup with Pasta,494,13.2,81.9,24.3,Dinner,Non-Veg
Butter Fish Curry with Pasta,269,30.3,60.4,19.6,Snack,Veg
Garlic Paneer Pasta with Flatbread,572,23.1,50.4,9,Lunch,Non-Veg
Lemon Fish Salad with Pasta,128,32.4,22.7,14.4,Breakfast,Veg
Chili Beef Noodles with Dumpling,191,6.2,65.1,2.9,Lunch,Non-Veg
Garlic Fish Burger with Pasta,367,4.2,9.9,31.7,Dinner,Veg
Honey Turkey Tacos with Quinoa,409,7,31.7,29,Breakfast,Non-Veg
Spicy Lentil Pasta with Quinoa,512,19.7,54.6,28.2,Dinner,Veg
Chili Turkey Tacos with Bun,643,32.5,71.3,11.3,Dinner,Veg
Chili Paneer Roast with Noodles,81,6.4,86.4,14.8,Lunch,Non-Veg
BBQ Tofu Pasta with Noodles,277,35.4,41.3,33.3,Lunch,Veg
Herb Paneer Pasta with Biryani,176,38.9,45.9,10.2,Lunch,Non-Veg
Garlic Chicken Burger with Noodles,400,2.1,10.4,25.1,Snack,Non-Veg
Masala Lentil Roast with Pasta,604,31.8,82.8,19.2,Dinner,Non-Veg
Butter Paneer Roast with Rice,665,9.2,41,23.3,Dinner,Veg
Teriyaki Shrimp Curry with Ramen,273,35.9,65.5,3.4,Breakfast,Non-Veg
Butter Pork Noodles with Rice,101,5.9,38.4,26.3,Snack,Non-Veg
Spicy Beef Wrap with Bread,498,37.9,62.8,18.3,Snack,Veg
Chili Pork Grill with Biryani,281,17.3,72.2,9.3,Lunch,Veg
Chili Turkey Curry with Bun,176,39.4,46.7,27.3,Lunch,Non-Veg
Butter Paneer Salad with Quinoa,524,8.3,7.9,21.4,Lunch,Non-Veg
Garlic Pork Rice Bowl with Rice,581,10,41.5,4.6,Snack,Non-Veg
Honey Pork Roast with Ramen,330,38.8,20.8,20.6,Snack,Veg
Lemon Paneer Grill with Rice,653,32.7,9.5,20.5,Lunch,Non-Veg
Teriyaki Chicken Roast with Ramen,230,33.2,70.9,26.5,Dinner,Non-Veg
Butter Tofu Pasta with Pasta,208,25.8,10.9,34.2,Breakfast,Non-Veg
Garlic Lentil Tacos with Rice,213,36.7,60.7,5.1,Lunch,Non-Veg
Spicy Paneer Tacos with Quinoa,602,9.9,71.9,24.7,Breakfast,Non-Veg
Garlic Shrimp Pasta with Flatbread,292,7,28.4,23.4,Lunch,Veg
Teriyaki Paneer Burger with Ramen,614,36.8,84.9,34.8,Lunch,Veg
Lemon Egg Salad with Bun,499,12,13.2,23,Lunch,Non-Veg
Masala Paneer Salad with Noodles,596,39.9,51.5,18.9,Lunch,Non-Veg
Butter Turkey Pasta with Biryani,678,19.2,17.8,12.5,Snack,Veg
Lemon Egg Curry with Noodles,542,5.5,42.5,14.1,Breakfast,Veg
Garlic Fish Noodles with Rice,526,3.1,13.9,5,Breakfast,Veg
Masala Shrimp Wrap with Ramen,575,17.3,73.8,13.9,Dinner,Non-Veg
BBQ Pork Grill with Bread,611,26.2,88.4,9,Breakfast,Veg
Masala Tofu Salad with Flatbread,629,19.6,8,8.8,Lunch,Non-Veg
Honey Pork Soup with Ramen,339,5.9,81.6,11.3,Lunch,Non-Veg
Honey Chicken Burger with Pasta,610,35.6,49.4,15.7,Lunch,Veg
Herb Shrimp Salad with Quinoa,84,25.2,23.4,1.3,Snack,Non-Veg
Herb Beef Tacos with Pasta,589,19.6,50.3,20.1,Lunch,Non-Veg
BBQ Chicken Burger with Pasta,198,29.2,68.6,29.3,Snack,Non-Veg
Masala Turkey Rice Bowl with Biryani,121,2.3,12.7,5.8,Lunch,Veg
Garlic Shrimp Soup with Ramen,221,26.9,70.3,9.6,Dinner,Non-Veg
Spicy Fish Noodles with Noodles,688,25.3,56.2,3.2,Dinner,Non-Veg
Herb Fish Curry with Biryani,323,33,81.8,32.3,Snack,Veg
BBQ Lentil Salad with Pasta,184,22,65.8,26,Dinner,Non-Veg
Herb Egg Burger with Rice,147,34.5,61.4,28.4,Breakfast,Veg
Honey Paneer Pasta with Quinoa,420,27.8,73,24.4,Lunch,Non-Veg
Teriyaki Shrimp Pasta with Bread,674,12.5,18.2,12.8,Breakfast,Non-Veg
BBQ Egg Salad with Biryani,294,10.5,87.9,17.2,Lunch,Non-Veg
Masala Lentil Curry with Bun,261,37.2,84.8,10.2,Breakfast,Veg
Masala Chicken Grill with Pasta,557,36.2,58.2,14.4,Breakfast,Non-Veg
Herb Turkey Pasta with Biryani,351,39.7,36.8,15.1,Lunch,Non-Veg
Spicy Pork Salad with Ramen,104,19.9,85.2,7.5,Breakfast,Veg
Chili Shrimp Pasta with Flatbread,126,36.6,22.5,10.9,Dinner,Non-Veg
Butter Turkey Stir Fry with Quinoa,371,33.7,73.6,29.1,Dinner,Veg
Honey Egg Salad with Noodles,457,18.4,77.1,18.4,Breakfast,Veg
Lemon Beef Wrap with Bun,223,12.7,8.6,5.6,Dinner,Non-Veg
Teriyaki Paneer Stir Fry with Dumpling,616,21.6,23.3,2.3,Breakfast,Non-Veg
Teriyaki Chicken Pasta with Noodles,278,36.8,22.5,3.4,Lunch,Non-Veg
Garlic Lentil Soup with Ramen,331,17.8,36.3,11.2,Lunch,Veg
Herb Egg Noodles with Dumpling,181,34.5,52.1,2.6,Dinner,Non-Veg
Honey Lentil Burger with Pasta,199,18.5,32,14.1,Breakfast,Non-Veg
Herb Tofu Soup with Ramen,574,11.4,12.1,5.4,Dinner,Veg
Garlic Turkey Curry with Dumpling,224,10.7,43.9,30.6,Lunch,Non-Veg
Honey Shrimp Rice Bowl with Rice,698,32.5,18.6,17.7,Snack,Veg
Teriyaki Shrimp Stir Fry with Noodles,375,13,7.1,16.9,Lunch,Veg
Garlic Shrimp Stir Fry with Ramen,134,14.7,35.7,5.2,Dinner,Non-Veg
Honey Lentil Noodles with Ramen,646,25.1,60.8,31.9,Dinner,Veg
Butter Tofu Noodles with Quinoa,127,16.2,5.4,5.6,Breakfast,Veg
Garlic Egg Tacos with Quinoa,88,21.7,41.5,2.5,Breakfast,Non-Veg
Masala Paneer Stir Fry with Biryani,586,37.9,25.4,2.7,Snack,Veg
BBQ Egg Roast with Flatbread,479,36.6,37.8,3.3,Breakfast,Non-Veg
Honey Fish Grill with Rice,690,34.7,77.1,30.5,Dinner,Non-Veg
Garlic Egg Noodles with Bread,217,10.3,19.8,7,Breakfast,Non-Veg
Lemon Fish Grill with Quinoa,323,31,6.1,1.1,Snack,Veg
Herb Paneer Pasta with Bread,581,23.8,34.3,19.8,Dinner,Veg
Herb Lentil Stir Fry with Noodles,318,18.6,30.6,11.5,Dinner,Non-Veg
Honey Lentil Stir Fry with Quinoa,408,31.9,86.7,33.3,Dinner,Veg
Herb Beef Burger with Flatbread,620,23.4,6,26.9,Breakfast,Veg
Herb Pork Wrap with Biryani,260,13.9,54,19.3,Breakfast,Veg
Teriyaki Chicken Grill with Biryani,279,4,16.9,32.7,Breakfast,Veg
Spicy Chicken Curry with Flatbread,347,4.7,38.8,34,Lunch,Veg
Butter Fish Stir Fry with Quinoa,456,24.5,55.9,27.7,Breakfast,Non-Veg
Teriyaki Shrimp Tacos with Biryani,83,2.1,38.9,25.1,Snack,Non-Veg
Garlic Shrimp Grill with Pasta,264,31.4,86.7,13.5,Breakfast,Non-Veg
Lemon Pork Noodles with Rice,125,33.5,31.1,21.7,Dinner,Non-Veg
Teriyaki Shrimp Burger with Quinoa,611,20.8,48.6,17.5,Lunch,Non-Veg
Teriyaki Fish Stir Fry with Quinoa,347,8.4,74.7,31.8,Dinner,Non-Veg
Herb Fish Wrap with Dumpling,142,33.6,15,9.1,Dinner,Non-Veg
Spicy Egg Burger with Pasta,405,12.2,75.6,9.9,Dinner,Veg
BBQ Pork Soup with Bun,491,13.2,52.5,18.6,Dinner,Non-Veg
Chili Paneer Burger with Rice,405,21,73,26.3,Dinner,Veg
Herb Paneer Rice Bowl with Dumpling,414,30.9,51.8,15.8,Breakfast,Non-Veg
Honey Paneer Stir Fry with Quinoa,176,23.8,12.9,5,Snack,Veg
Chili Tofu Grill with Pasta,375,7.7,28.6,17.1,Dinner,Veg
Lemon Chicken Curry with Pasta,122,6.4,24.8,5.6,Lunch,Non-Veg
Teriyaki Egg Stir Fry with Flatbread,498,2.6,66,13.4,Lunch,Veg
Butter Turkey Pasta with Bun,545,38.2,26,28.8,Dinner,Non-Veg
Lemon Beef Wrap with Dumpling,600,24.7,74,9.3,Dinner,Non-Veg
BBQ Chicken Grill with Ramen,523,19.3,16.4,19.8,Dinner,Non-Veg
Masala Lentil Soup with Bun,200,22,79.7,32.4,Lunch,Non-Veg
Masala Beef Curry with Ramen,468,19.4,61,33.9,Lunch,Non-Veg
Herb Lentil Tacos with Pasta,349,7.2,80.6,3.1,Snack,Non-Veg
Garlic Lentil Tacos with Bread,444,39.5,75.6,20.8,Lunch,Veg
BBQ Tofu Salad with Flatbread,328,10.6,76.7,12,Lunch,Non-Veg
Butter Tofu Salad with Flatbread,113,34.8,11.3,10.5,Snack,Non-Veg
Masala Paneer Grill with Biryani,289,8.1,40.2,16.7,Breakfast,Veg
Butter Tofu Burger with Pasta,119,37.1,12.3,2.8,Dinner,Non-Veg
Chili Beef Rice Bowl with Biryani,88,25.3,63.6,6.1,Dinner,Veg
BBQ Turkey Soup with Bread,385,15.1,57.6,18.1,Lunch,Veg
Honey Pork Wrap with Rice,393,23.2,47.4,30.7,Snack,Veg
Honey Chicken Soup with Ramen,331,16,14.5,13.1,Snack,Non-Veg
Herb Pork Grill with Rice,612,18.7,87.3,21.5,Snack,Veg
Honey Lentil Noodles with Pasta,153,17.3,63.8,5.5,Snack,Veg
Teriyaki Beef Tacos with Noodles,327,19.8,75.1,34.6,Lunch,Veg
BBQ Shrimp Burger with Bun,200,24.6,66.7,15.5,Breakfast,Veg
Chili Beef Curry with Dumpling,543,6,67.9,10.2,Lunch,Veg
Teriyaki Paneer Pasta with Pasta,81,36.1,9,23.9,Breakfast,Non-Veg
Masala Turkey Roast with Quinoa,544,32.4,87.9,18.5,Snack,Non-Veg
Honey Shrimp Burger with Rice,471,21.9,66.1,20.8,Snack,Non-Veg
BBQ Beef Wrap with Dumpling,132,19.5,88.6,34.4,Dinner,Veg
Masala Beef Rice Bowl with Rice,606,37.2,39.6,28.7,Snack,Veg
Spicy Chicken Stir Fry with Bun,217,22.6,5.4,22.6,Lunch,Veg
Butter Fish Roast with Dumpling,451,9.7,75.5,24.8,Lunch,Non-Veg
Garlic Fish Rice Bowl with Ramen,631,24.3,80.9,27.7,Lunch,Non-Veg
Masala Pork Curry with Dumpling,230,11.8,69.4,4.6,Breakfast,Non-Veg
Chili Pork Rice Bowl with Ramen,199,23.7,70.7,9.6,Lunch,Non-Veg
Chili Tofu Curry with Flatbread,268,3.9,8.2,20.2,Breakfast,Veg
Masala Egg Noodles with Pasta,107,25.3,26.7,11,Snack,Non-Veg
Masala Beef Soup with Pasta,229,38.3,47.5,8.9,Lunch,Non-Veg
Lemon Lentil Stir Fry with Noodles,424,20.1,21.5,14.7,Snack,Veg
Butter Paneer Soup with Bun,209,31.1,36.2,28.9,Snack,Veg
Garlic Pork Grill with Flatbread,423,9.4,12.7,31.1,Lunch,Non-Veg
Masala Turkey Tacos with Flatbread,443,23.4,70.4,31.8,Snack,Non-Veg
Spicy Tofu Noodles with Flatbread,597,33.8,54.8,9.3,Snack,Non-Veg
Teriyaki Lentil Noodles with Rice,232,36.3,28.3,17.5,Snack,Non-Veg
Lemon Tofu Stir Fry with Dumpling,680,7.8,36.4,14.9,Dinner,Veg
Butter Pork Soup with Bread,279,22.1,86.8,5,Snack,Veg
Butter Beef Salad with Quinoa,343,28.1,9.7,32,Lunch,Veg
Lemon Paneer Pasta with Bread,397,33.7,84.5,30.3,Dinner,Veg
Herb Pork Noodles with Bread,553,17.6,16.1,6.6,Snack,Veg
Herb Pork Wrap with Bread,394,26,38.9,33,Dinner,Veg
Herb Pork Salad with Pasta,172,18,72.2,2.6,Dinner,Veg
Herb Turkey Wrap with Quinoa,475,8.4,44.8,2.4,Lunch,Veg
Masala Beef Stir Fry with Rice,550,4,89.1,6.7,Lunch,Veg
Herb Chicken Burger with Bread,485,19.9,85.2,13.4,Dinner,Veg
Herb Tofu Salad with Quinoa,676,26.1,65.1,5.6,Lunch,Veg
Butter Paneer Noodles with Ramen,194,2.8,47.5,11.1,Breakfast,Veg
Masala Beef Wrap with Bread,96,3.8,38.7,23.6,Lunch,Veg
Garlic Pork Burger with Bread,614,35.3,14.7,34.6,Lunch,Veg
Garlic Tofu Curry with Noodles,358,14.2,25.1,18.2,Snack,Veg
Honey Turkey Noodles with Flatbread,591,21.5,21.2,18.5,Snack,Non-Veg
Herb Beef Curry with Rice,252,25.3,27.3,32.3,Snack,Non-Veg
Garlic Chicken Wrap with Bun,377,27.5,15.2,4.6,Breakfast,Veg
Teriyaki Lentil Curry with Bun,654,20.9,15.4,2.7,Lunch,Veg
Chili Chicken Burger with Ramen,418,14.8,79.8,27.5,Lunch,Non-Veg
Lemon Shrimp Grill with Quinoa,625,12.9,78,14,Dinner,Veg
Teriyaki Egg Rice Bowl with Rice,103,26.9,41.4,33.8,Breakfast,Veg
Teriyaki Pork Noodles with Bun,113,6.9,17.7,21.5,Lunch,Non-Veg
Honey Tofu Pasta with Rice,272,37,18.1,14,Dinner,Veg
Lemon Paneer Tacos with Bun,282,12.6,74.8,7.3,Lunch,Non-Veg
Lemon Fish Wrap with Biryani,647,37,75.3,31.7,Dinner,Veg
Chili Turkey Grill with Bread,147,29.7,41.4,3,Dinner,Veg
Spicy Beef Rice Bowl with Pasta,85,11.3,8.6,15.6,Lunch,Veg
Masala Beef Soup with Rice,695,17.9,30.4,11,Lunch,Non-Veg
Spicy Beef Stir Fry with Noodles,464,5.6,49.3,15.5,Lunch,Non-Veg
Butter Paneer Curry with Rice,332,33.1,88.2,31.4,Snack,Veg
BBQ Turkey Roast with Bun,248,8.7,42.7,28.8,Snack,Non-Veg
Lemon Pork Tacos with Biryani,105,22.9,42.6,1.1,Lunch,Veg
Garlic Beef Rice Bowl with Dumpling,229,9.9,13.8,28.6,Lunch,Veg
Lemon Lentil Curry with Ramen,210,29.1,38.2,17.1,Breakfast,Veg
BBQ Chicken Burger with Ramen,427,30.5,76.8,33.1,Snack,Veg
Teriyaki Beef Noodles with Bread,89,36.5,5.3,28.4,Snack,Non-Veg
Garlic Lentil Noodles with Noodles,206,25.5,84.9,23.2,Breakfast,Non-Veg
Garlic Fish Tacos with Quinoa,117,31,67.5,7.9,Breakfast,Non-Veg
Garlic Turkey Stir Fry with Rice,696,17.8,33.9,4.6,Dinner,Non-Veg
Herb Chicken Tacos with Rice,372,32.2,39.4,33.4,Breakfast,Veg
Lemon Turkey Grill with Bread,630,36.3,84.7,23.8,Breakfast,Non-Veg
Chili Egg Salad with Rice,482,37.6,24.4,16.5,Lunch,Veg
BBQ Shrimp Wrap with Flatbread,508,29.3,66.5,23.1,Snack,Non-Veg
Honey Chicken Curry with Bun,389,9.3,37.9,29.2,Snack,Veg
Butter Pork Noodles with Bun,649,24.9,49.8,5.3,Snack,Non-Veg
Honey Pork Salad with Biryani,601,26.3,46.2,34,Breakfast,Veg
Honey Pork Wrap with Pasta,121,28.3,73.7,18.6,Breakfast,Non-Veg
Chili Pork Wrap with Bun,602,31.2,57.2,5.7,Lunch,Veg
Garlic Turkey Noodles with Bun,292,7.5,59.4,31.8,Lunch,Veg
Chili Tofu Curry with Biryani,314,13.4,20.8,2.8,Dinner,Non-Veg
Chili Beef Grill with Quinoa,202,33.9,34.8,19,Breakfast,Veg
Spicy Tofu Soup with Flatbread,689,3,13.2,32.6,Lunch,Veg
Chili Paneer Pasta with Pasta,605,25.3,51.4,8.4,Breakfast,Non-Veg
Herb Fish Noodles with Ramen,629,11,74.5,11.4,Dinner,Non-Veg
Honey Egg Stir Fry with Biryani,446,16.7,71.4,32.7,Snack,Non-Veg
Honey Shrimp Wrap with Dumpling,365,29.7,87.1,32,Breakfast,Veg
Teriyaki Beef Burger with Bread,691,8.1,37.2,7.9,Snack,Veg
BBQ Chicken Noodles with Bun,593,35.7,78.9,32.6,Breakfast,Veg
Herb Tofu Tacos with Biryani,316,22.5,23.3,31,Dinner,Veg
Butter Pork Grill with Rice,523,30.4,20.2,7.1,Snack,Non-Veg
Herb Lentil Rice Bowl with Dumpling,382,27.6,56.3,10.3,Lunch,Non-Veg
Chili Pork Tacos with Biryani,474,21.4,10.6,15.4,Lunch,Non-Veg
Masala Lentil Wrap with Pasta,536,34.7,17.4,5,Lunch,Veg
Herb Turkey Noodles with Quinoa,197,5.2,52,11.6,Dinner,Non-Veg
Chili Chicken Roast with Bread,167,22.3,51.8,6.9,Snack,Non-Veg
Garlic Egg Wrap with Noodles,631,16.3,77.6,2.3,Lunch,Non-Veg
Butter Fish Grill with Rice,305,30.4,78.8,3.3,Snack,Veg
BBQ Turkey Pasta with Noodles,544,2.6,82.8,27.5,Dinner,Veg
Lemon Fish Soup with Quinoa,267,26.9,75.9,25.1,Snack,Veg
Honey Beef Salad with Quinoa,156,6.8,30,10.8,Breakfast,Veg
Teriyaki Pork Wrap with Bread,164,4,19.9,21,Dinner,Non-Veg
Chili Beef Burger with Rice,97,9.8,80.5,25.4,Breakfast,Veg
BBQ Lentil Pasta with Quinoa,642,2.3,63.5,34.3,Lunch,Non-Veg
Lemon Fish Roast with Quinoa,677,26.7,26.3,19.4,Dinner,Veg
Masala Beef Tacos with Quinoa,94,25.6,79.7,33.7,Breakfast,Veg
Teriyaki Egg Grill with Rice,299,4,18,24.6,Breakfast,Non-Veg
Lemon Pork Curry with Rice,328,10.5,16.9,21.3,Breakfast,Veg
Honey Pork Grill with Quinoa,126,8.5,7.4,15.2,Dinner,Non-Veg
Teriyaki Tofu Wrap with Dumpling,83,29.1,27.7,29.6,Breakfast,Non-Veg
Honey Beef Soup with Rice,660,39.7,28.9,23.4,Lunch,Veg
Spicy Chicken Tacos with Bread,574,39.3,43.3,19.7,Dinner,Non-Veg
BBQ Lentil Wrap with Quinoa,617,20.3,43.3,14.1,Dinner,Non-Veg
Chili Tofu Stir Fry with Bread,670,21,27.7,5.4,Breakfast,Non-Veg
Honey Tofu Salad with Quinoa,695,24.3,35.3,20,Snack,Veg
Lemon Pork Grill with Ramen,282,28.8,36.8,1.3,Breakfast,Non-Veg
Herb Shrimp Soup with Quinoa,389,7.3,50.6,31.2,Lunch,Veg
Herb Shrimp Soup with Flatbread,560,24.2,30.2,12.2,Snack,Non-Veg
Honey Pork Pasta with Dumpling,316,22.2,61.9,10.2,Breakfast,Non-Veg
Chili Egg Rice Bowl with Bun,691,16.6,16.2,22.3,Breakfast,Non-Veg
Herb Turkey Stir Fry with Bread,612,16.6,9.3,10.4,Lunch,Non-Veg
Teriyaki Turkey Salad with Bun,406,26.5,64.1,7.2,Breakfast,Veg
BBQ Fish Stir Fry with Dumpling,218,30.6,80,31.5,Snack,Non-Veg
Honey Pork Stir Fry with Ramen,141,3.9,15.7,29.1,Lunch,Veg
Masala Fish Stir Fry with Ramen,667,31.6,53.8,19.6,Breakfast,Non-Veg
Herb Shrimp Noodles with Biryani,500,22.3,39.3,31.2,Breakfast,Non-Veg
Herb Shrimp Rice Bowl with Bread,438,22.1,82.5,32.4,Breakfast,Non-Veg
Herb Egg Salad with Biryani,404,8.5,56.7,9.5,Snack,Veg
Teriyaki Shrimp Curry with Noodles,100,33.6,87.7,4.7,Lunch,Veg
BBQ Shrimp Tacos with Noodles,128,26.9,60.4,31.9,Breakfast,Non-Veg
BBQ Lentil Tacos with Rice,567,33.7,85.4,15.3,Breakfast,Non-Veg
Teriyaki Egg Curry with Quinoa,509,12,9,20.4,Snack,Non-Veg
Garlic Shrimp Stir Fry with Quinoa,188,31.7,59.2,14.2,Snack,Non-Veg
Honey Paneer Burger with Rice,499,22.3,73.7,11.4,Breakfast,Veg
Butter Lentil Soup with Bun,302,20.9,84.5,25.1,Snack,Veg
Masala Shrimp Noodles with Noodles,401,3.1,70,8,Breakfast,Non-Veg
Herb Pork Tacos with Rice,573,28.6,32.6,22.4,Lunch,Non-Veg
Garlic Paneer Stir Fry with Dumpling,517,39.7,23.5,16.6,Dinner,Non-Veg
Herb Chicken Salad with Rice,533,12.4,43.3,33.2,Snack,Non-Veg
Lemon Fish Burger with Flatbread,258,12.9,46.2,28.6,Breakfast,Non-Veg
Masala Beef Stir Fry with Bread,656,23.5,47.8,31.7,Breakfast,Non-Veg
Honey Lentil Grill with Biryani,216,39.3,22.1,18.7,Snack,Non-Veg
Spicy Chicken Curry with Ramen,97,30.9,64.8,31.2,Snack,Non-Veg
Masala Fish Salad with Bun,540,5.5,26.4,2,Snack,Non-Veg
Garlic Paneer Wrap with Noodles,428,19.6,83.9,16.1,Dinner,Veg
Spicy Paneer Noodles with Rice,265,11.9,30.9,12.8,Snack,Non-Veg
Honey Pork Grill with Bun,684,18.4,49.2,6.5,Dinner,Non-Veg
Garlic Chicken Curry with Ramen,334,33,58,6.5,Breakfast,Veg
Butter Beef Salad with Rice,604,37.6,43.4,9.9,Dinner,Veg
Masala Fish Rice Bowl with Pasta,458,11.6,30.3,3.5,Snack,Veg
Chili Egg Stir Fry with Noodles,612,21.7,25.6,33.8,Snack,Non-Veg
Chili Fish Pasta with Bun,158,34.7,14.6,4.3,Dinner,Non-Veg
Masala Fish Noodles with Dumpling,207,37.7,36.9,14.4,Dinner,Veg
Chili Chicken Rice Bowl with Biryani,345,24.8,79.5,34.4,Breakfast,Non-Veg
Herb Shrimp Burger with Ramen,156,20.7,37.5,34.8,Breakfast,Veg
BBQ Pork Wrap with Dumpling,115,33.5,25.4,14.5,Lunch,Veg
Lemon Paneer Tacos with Quinoa,648,19.7,48.3,31,Breakfast,Non-Veg
Herb Beef Stir Fry with Biryani,399,29.8,75.5,12.1,Lunch,Veg
Butter Chicken Wrap with Ramen,632,6.3,58.6,31.5,Breakfast,Non-Veg
Masala Paneer Tacos with Pasta,561,10.7,56.1,32.2,Snack,Veg
Lemon Beef Soup with Quinoa,130,22.3,85,28.1,Dinner,Veg
Lemon Shrimp Soup with Quinoa,397,11.5,52.2,12.7,Snack,Non-Veg
Butter Fish Stir Fry with Ramen,508,15.4,66.4,19.5,Snack,Non-Veg
Honey Paneer Stir Fry with Bread,202,11.8,62.5,17.3,Breakfast,Veg
Chili Pork Grill with Noodles,374,29.2,6.8,30,Snack,Non-Veg
Honey Shrimp Wrap with Pasta,623,28.4,5.3,20.2,Dinner,Veg
Herb Lentil Soup with Rice,171,3.7,85.8,8.7,Lunch,Non-Veg
Teriyaki Lentil Wrap with Dumpling,575,24.5,75.3,3.5,Lunch,Non-Veg
Herb Beef Soup with Dumpling,504,35.8,79.3,3.3,Dinner,Non-Veg
Teriyaki Tofu Rice Bowl with Flatbread,390,24.8,63.9,1.4,Lunch,Veg
Spicy Shrimp Pasta with Pasta,438,8.1,44.7,21.2,Dinner,Veg
Teriyaki Fish Rice Bowl with Bun,192,34.2,32.9,23.7,Dinner,Non-Veg
Lemon Paneer Noodles with Pasta,172,24.8,51.7,2.4,Lunch,Veg
Spicy Beef Tacos with Rice,253,28.6,27.9,17.8,Dinner,Non-Veg
Butter Paneer Roast with Pasta,565,2.9,42.7,1.5,Lunch,Non-Veg
Lemon Chicken Stir Fry with Bun,201,19,82.6,14.8,Lunch,Veg
Lemon Beef Stir Fry with Ramen,693,20.4,22.9,22.3,Lunch,Non-Veg
Teriyaki Lentil Burger with Flatbread,144,23.2,11.9,16.7,Lunch,Non-Veg
Lemon Tofu Noodles with Dumpling,212,27.9,89.8,7.4,Breakfast,Non-Veg
Herb Chicken Soup with Ramen,199,29.5,69.9,21.3,Breakfast,Veg
BBQ Fish Burger with Flatbread,217,19.9,50.5,14.4,Snack,Veg
Garlic Pork Noodles with Quinoa,538,37.9,46.5,12.2,Breakfast,Non-Veg
Honey Turkey Soup with Pasta,257,23.4,79.7,21.2,Dinner,Veg
Herb Chicken Curry with Bun,445,27.5,45.5,27.2,Lunch,Veg
Garlic Egg Salad with Noodles,83,3.8,47.6,10,Breakfast,Veg
Butter Paneer Tacos with Quinoa,383,11.5,38.3,6.3,Lunch,Veg
Lemon Shrimp Roast with Noodles,456,23.7,50.1,28.8,Breakfast,Non-Veg
BBQ Pork Salad with Biryani,282,5.5,45,21.7,Lunch,Non-Veg
Butter Chicken Noodles with Dumpling,191,39.2,25.6,9.9,Breakfast,Veg
Butter Chicken Salad with Flatbread,247,17.2,85.3,14.1,Dinner,Veg
Garlic Lentil Rice Bowl with Flatbread,450,22.9,82.3,21.8,Breakfast,Veg
BBQ Shrimp Stir Fry with Quinoa,360,12.8,6.2,32.3,Dinner,Veg
BBQ Tofu Burger with Pasta,544,36.1,88.1,26.4,Lunch,Non-Veg
Spicy Turkey Roast with Noodles,268,34.2,49.7,20.4,Breakfast,Non-Veg
Herb Beef Rice Bowl with Bun,513,13.1,6.8,34,Snack,Veg
Butter Lentil Pasta with Flatbread,111,11,21.5,32.3,Lunch,Non-Veg
Spicy Tofu Soup with Ramen,237,33.2,72.3,16.8,Snack,Non-Veg
Lemon Lentil Stir Fry with Dumpling,142,7.9,16.3,2.1,Snack,Veg
Honey Egg Roast with Rice,354,4.9,73.6,10,Snack,Veg
Garlic Egg Curry with Dumpling,150,31.7,57.7,12.4,Breakfast,Veg
Lemon Turkey Soup with Ramen,672,35.2,20.5,1.3,Breakfast,Veg
Butter Tofu Wrap with Ramen,490,6.6,69.1,2.8,Breakfast,Non-Veg
Teriyaki Lentil Stir Fry with Bun,386,20.5,85.6,24.4,Dinner,Non-Veg
Masala Turkey Pasta with Bread,580,23.1,81.7,28.5,Lunch,Veg
Herb Pork Salad with Rice,173,37.8,44.7,28.1,Dinner,Veg
Garlic Beef Curry with Pasta,191,34.7,48.8,6.3,Breakfast,Non-Veg
Teriyaki Tofu Rice Bowl with Noodles,285,27.1,7.2,12.4,Lunch,Non-Veg
Chili Tofu Pasta with Rice,533,16.6,83.5,20.4,Breakfast,Veg
Chili Lentil Grill with Quinoa,165,5.1,67.8,23.9,Snack,Veg
Honey Paneer Burger with Pasta,487,15.1,84.5,34.2,Dinner,Non-Veg
Masala Lentil Pasta with Quinoa,126,3.2,70.9,20.3,Snack,Non-Veg
Chili Egg Soup with Ramen,166,37,17.3,31.7,Dinner,Non-Veg
Herb Beef Burger with Ramen,447,8.2,18.4,13.6,Dinner,Veg
Teriyaki Pork Burger with Bread,237,35.4,19.4,29.1,Snack,Veg
Butter Turkey Noodles with Pasta,700,6.5,85.4,18.1,Snack,Veg
Herb Beef Grill with Rice,226,28.2,75.1,24.3,Snack,Veg
BBQ Fish Wrap with Flatbread,269,17,80.9,4.6,Breakfast,Veg
Teriyaki Tofu Stir Fry with Flatbread,547,25.8,21.3,24.2,Lunch,Non-Veg
Butter Chicken Tacos with Pasta,122,26.6,15,11.1,Snack,Non-Veg
Spicy Tofu Tacos with Dumpling,121,36.5,71.8,20.2,Dinner,Non-Veg
Garlic Beef Soup with Bun,654,39.6,66.2,5.1,Lunch,Veg
Butter Lentil Noodles with Flatbread,657,5.1,46.8,7.4,Lunch,Non-Veg
Teriyaki Tofu Pasta with Rice,657,9.5,43.9,15.3,Lunch,Non-Veg
Masala Shrimp Tacos with Pasta,567,28.3,26.2,29.3,Dinner,Veg
Honey Tofu Soup with Biryani,414,19,19.7,20.4,Snack,Non-Veg
Herb Tofu Soup with Bun,163,9.3,24.3,22.5,Lunch,Non-Veg
Teriyaki Fish Grill with Bread,387,23.4,67.9,33.4,Snack,Veg
Herb Egg Rice Bowl with Dumpling,475,38.5,53.5,10.3,Breakfast,Veg
Herb Egg Grill with Noodles,322,33.2,22.8,17.8,Lunch,Veg
Lemon Egg Soup with Dumpling,324,6.9,84.6,34.2,Breakfast,Veg
Garlic Tofu Noodles with Ramen,666,30.5,53.3,31.4,Lunch,Veg
Butter Tofu Curry with Biryani,160,20.3,11.6,5.6,Snack,Non-Veg
Teriyaki Fish Tacos with Quinoa,457,12.8,79.8,13.6,Snack,Non-Veg
Masala Egg Tacos with Bun,431,23.6,32.5,18,Snack,Veg
Honey Turkey Burger with Bread,265,28.4,70.2,27.6,Dinner,Non-Veg
Lemon Fish Curry with Ramen,266,15.7,40.9,20.6,Breakfast,Veg
Butter Shrimp Pasta with Dumpling,604,21.2,45.8,3.3,Snack,Veg
Lemon Fish Tacos with Quinoa,91,4.9,31,12.5,Snack,Veg
BBQ Chicken Soup with Bread,517,7.8,89.8,21.8,Snack,Veg
Masala Egg Grill with Dumpling,684,39.8,6.7,17.6,Breakfast,Veg
Chili Paneer Burger with Ramen,98,34.5,55.4,14.4,Breakfast,Non-Veg
Chili Egg Wrap with Ramen,133,10.7,57.3,10.2,Lunch,Veg
Chili Paneer Noodles with Quinoa,491,17.8,76.4,17.8,Lunch,Veg
BBQ Pork Roast with Bun,101,38.4,35.3,25.5,Breakfast,Veg
Spicy Chicken Rice Bowl with Bread,447,5.2,33.1,13.3,Breakfast,Non-Veg
Spicy Shrimp Tacos with Quinoa,331,9.9,60.1,18.9,Snack,Veg
Lemon Egg Rice Bowl with Pasta,385,38.7,62.9,20.5,Lunch,Veg
BBQ Pork Grill with Ramen,624,13.9,86.9,29,Snack,Veg
Spicy Paneer Tacos with Pasta,298,38.2,30.8,16.2,Lunch,Veg
BBQ Lentil Rice Bowl with Ramen,531,39.8,63.1,4.3,Breakfast,Non-Veg
Garlic Paneer Stir Fry with Noodles,498,3.7,15,20.6,Breakfast,Veg
Butter Tofu Noodles with Bread,361,26.5,13.3,32.2,Snack,Non-Veg
Herb Egg Wrap with Biryani,173,7.5,5.5,8.6,Dinner,Non-Veg
Butter Lentil Pasta with Bread,408,33.1,35.4,21.3,Lunch,Non-Veg
Spicy Egg Soup with Pasta,229,4.3,38.7,30.8,Breakfast,Veg
Herb Shrimp Rice Bowl with Rice,416,16,40.1,16.5,Breakfast,Veg
BBQ Shrimp Rice Bowl with Quinoa,409,24.1,36.2,11.3,Dinner,Veg
Herb Egg Soup with Ramen,490,6.6,77.7,22.8,Snack,Non-Veg
Chili Fish Rice Bowl with Biryani,420,20.2,40.9,25.5,Dinner,Veg
Spicy Beef Soup with Rice,216,8.5,6,4.3,Breakfast,Veg
Herb Shrimp Roast with Biryani,384,19.3,38.4,26,Lunch,Non-Veg
Chili Tofu Wrap with Bread,166,15.5,43.9,1.5,Lunch,Veg
BBQ Paneer Pasta with Biryani,561,24.8,58.5,1.5,Snack,Non-Veg
Teriyaki Turkey Wrap with Noodles,578,31.5,70.9,31.2,Snack,Veg
Spicy Lentil Burger with Rice,654,13.1,82.6,24.6,Breakfast,Non-Veg
Lemon Chicken Soup with Noodles,342,32.9,24.1,31.3,Lunch,Non-Veg
Butter Pork Burger with Noodles,579,6.3,61.3,6.1,Lunch,Veg
Teriyaki Tofu Roast with Biryani,595,3.9,56.7,1.6,Breakfast,Non-Veg
Garlic Beef Grill with Bun,319,17.7,18,6.9,Lunch,Non-Veg
Herb Fish Grill with Bread,434,3.9,14.1,1.4,Snack,Non-Veg
Chili Tofu Noodles with Quinoa,246,5.5,41.7,21.1,Breakfast,Veg
Garlic Chicken Salad with Ramen,230,39.1,49.7,32,Snack,Non-Veg
Garlic Paneer Stir Fry with Biryani,215,27.1,75.4,29.3,Snack,Non-Veg
BBQ Shrimp Soup with Ramen,486,18.4,74.2,18.3,Lunch,Non-Veg
Spicy Chicken Roast with Biryani,407,40,42,26,Breakfast,Veg
BBQ Pork Salad with Bun,461,11.9,79.5,11.7,Snack,Non-Veg
Garlic Turkey Burger with Noodles,320,23,50.6,25.8,Dinner,Veg
Teriyaki Chicken Curry with Rice,421,38,12.8,15.7,Lunch,Non-Veg
Spicy Turkey Wrap with Bread,528,35.9,70.7,22.5,Snack,Non-Veg
Butter Chicken Tacos with Bread,532,4.4,74,3.7,Snack,Non-Veg
BBQ Beef Stir Fry with Bun,483,14.9,64.9,20.9,Snack,Veg
Garlic Egg Rice Bowl with Bread,487,14.7,13,4.9,Snack,Veg
Spicy Chicken Rice Bowl with Noodles,445,33.8,89.2,19.4,Lunch,Non-Veg
Lemon Chicken Rice Bowl with Bread,564,20,85.9,21.6,Snack,Non-Veg
Spicy Egg Wrap with Rice,508,34.2,82.6,24,Lunch,Veg
Chili Tofu Noodles with Noodles,282,24.5,85.9,11.9,Dinner,Veg
Herb Paneer Pasta with Rice,105,18.9,43.8,19.4,Breakfast,Veg
Lemon Paneer Grill with Quinoa,617,15.5,64,29.8,Snack,Non-Veg
Herb Chicken Tacos with Flatbread,174,15.8,47.7,31.4,Dinner,Non-Veg
Butter Paneer Noodles with Quinoa,126,33.6,15.5,7.2,Dinner,Veg
Spicy Paneer Salad with Noodles,140,2.3,71.2,9.2,Dinner,Non-Veg
Masala Beef Soup with Dumpling,103,21.9,64.8,8.2,Lunch,Non-Veg
Lemon Turkey Wrap with Pasta,103,4.2,18.7,12.8,Breakfast,Veg
Herb Fish Burger with Bun,491,14.3,76.1,15.8,Lunch,Veg
Honey Beef Soup with Bun,299,34.4,38.6,16.1,Snack,Veg
Herb Pork Salad with Quinoa,539,30,47.2,20.8,Dinner,Non-Veg
Chili Fish Burger with Biryani,699,38.4,41.7,22.6,Snack,Veg
Masala Fish Salad with Noodles,518,20.9,15.1,24.5,Breakfast,Non-Veg
Garlic Fish Salad with Rice,620,6.1,11.6,1.1,Dinner,Non-Veg
Garlic Turkey Rice Bowl with Dumpling,636,29.4,46.7,20.8,Snack,Veg
Butter Lentil Salad with Bun,378,6.4,5.5,16.5,Breakfast,Non-Veg
Garlic Chicken Soup with Ramen,324,23,43,18.4,Breakfast,Non-Veg
Honey Egg Stir Fry with Ramen,334,27.2,10.9,29,Lunch,Veg
Lemon Paneer Roast with Flatbread,352,29.8,50.8,3.7,Breakfast,Veg
Chili Chicken Roast with Dumpling,155,19.3,31.3,19.3,Snack,Non-Veg
Honey Lentil Salad with Pasta,286,23.9,71.9,26.9,Snack,Veg
Masala Turkey Noodles with Pasta,279,25.9,18.4,3.4,Snack,Non-Veg
Lemon Turkey Salad with Quinoa,163,37.5,70.6,31.1,Lunch,Veg
BBQ Egg Soup with Biryani,639,30.9,14,12.5,Breakfast,Non-Veg
Honey Paneer Roast with Quinoa,90,10.7,8.6,8.7,Lunch,Veg
Honey Beef Pasta with Flatbread,452,19.3,49.4,28,Lunch,Non-Veg
BBQ Turkey Roast with Bread,191,8,67.2,25.8,Lunch,Veg
Herb Chicken Pasta with Biryani,279,32,29.4,13.9,Breakfast,Non-Veg
Spicy Lentil Stir Fry with Pasta,361,32.7,59.6,2.8,Snack,Non-Veg
Teriyaki Tofu Noodles with Rice,228,17.8,42.4,29.2,Dinner,Veg
Teriyaki Tofu Grill with Pasta,431,7.6,48.1,23.9,Breakfast,Non-Veg
Garlic Beef Grill with Flatbread,422,15.4,73.1,5,Snack,Non-Veg
Lemon Turkey Wrap with Ramen,463,26.3,63.7,13.3,Dinner,Non-Veg
Butter Turkey Salad with Noodles,682,13,89.9,21.8,Snack,Veg
Honey Turkey Stir Fry with Biryani,82,22.5,80.4,1.1,Breakfast,Non-Veg
Spicy Fish Noodles with Pasta,191,21.2,12.9,28.7,Lunch,Non-Veg
Honey Pork Tacos with Flatbread,502,19.6,45.8,18.2,Snack,Veg
Chili Turkey Pasta with Ramen,169,25.2,42.3,25.5,Snack,Non-Veg
Butter Shrimp Wrap with Dumpling,195,33.8,61.2,1.6,Snack,Veg
Herb Turkey Pasta with Flatbread,371,28.2,44.6,6.6,Snack,Veg
Teriyaki Egg Salad with Bread,675,8.2,50.8,23.4,Snack,Non-Veg
Honey Shrimp Pasta with Dumpling,589,20,80.4,29.6,Lunch,Veg
BBQ Beef Roast with Ramen,514,12.7,64.2,12.3,Lunch,Non-Veg
Teriyaki Egg Salad with Ramen,454,4.3,86.9,12,Lunch,Non-Veg
Garlic Turkey Tacos with Bun,623,8.7,20.1,16.1,Lunch,Veg
Garlic Shrimp Wrap with Noodles,114,21.9,33.6,22.3,Snack,Non-Veg
Lemon Pork Soup with Quinoa,135,25.7,38.4,26.2,Breakfast,Veg
Honey Turkey Curry with Quinoa,115,2.3,24.3,10.4,Snack,Non-Veg
Herb Tofu Wrap with Dumpling,360,4.3,20,32.2,Snack,Non-Veg
Masala Pork Grill with Noodles,342,25.2,61.9,3.9,Snack,Veg
Teriyaki Pork Grill with Dumpling,187,30.2,59.1,4.5,Breakfast,Non-Veg
Garlic Fish Burger with Noodles,210,6.6,62.7,31.5,Breakfast,Veg
Herb Egg Noodles with Ramen,347,26.3,46.2,21.9,Lunch,Non-Veg
Butter Chicken Burger with Dumpling,227,28.2,47.4,4.7,Lunch,Veg
Honey Shrimp Wrap with Bun,392,32.8,82.7,13.6,Snack,Non-Veg
Butter Shrimp Grill with Biryani,512,32.7,37.9,25.3,Lunch,Non-Veg
Butter Turkey Tacos with Quinoa,656,28.9,80.4,31.6,Breakfast,Non-Veg
Butter Tofu Salad with Noodles,93,15.2,88.7,6.7,Lunch,Veg
Lemon Pork Wrap with Noodles,364,38.4,82,32.1,Snack,Veg
Spicy Chicken Pasta with Ramen,554,19.9,21.6,30.2,Lunch,Non-Veg
Lemon Pork Stir Fry with Noodles,156,25.7,56,2.8,Lunch,Veg
Spicy Turkey Roast with Flatbread,375,15.7,7.5,25.7,Dinner,Veg
Honey Pork Soup with Quinoa,179,18.9,77,21.7,Breakfast,Non-Veg
Herb Beef Rice Bowl with Noodles,113,10.8,49.4,24.2,Breakfast,Veg
Teriyaki Turkey Salad with Rice,636,24.3,64.3,29.2,Breakfast,Veg
Masala Tofu Salad with Pasta,333,7.7,24.7,3.8,Breakfast,Veg
Lemon Shrimp Rice Bowl with Dumpling,240,26,72,17.2,Dinner,Veg
Chili Shrimp Rice Bowl with Biryani,476,31.8,89.4,19.7,Snack,Veg
Butter Egg Stir Fry with Ramen,94,34.5,43.5,20.5,Lunch,Non-Veg
Spicy Shrimp Soup with Rice,610,8.5,8.7,19.3,Dinner,Veg
Lemon Tofu Rice Bowl with Bun,591,32.1,32.5,18,Breakfast,Non-Veg
Herb Beef Tacos with Bread,97,29.6,63.9,21.6,Breakfast,Non-Veg
Garlic Shrimp Curry with Flatbread,332,19,38.1,27.8,Snack,Non-Veg
BBQ Paneer Grill with Dumpling,341,2.5,55.3,26.6,Dinner,Non-Veg
Masala Shrimp Salad with Bread,280,29.5,62,32.8,Breakfast,Non-Veg
BBQ Egg Roast with Noodles,594,7.1,8.5,3.4,Dinner,Non-Veg
Butter Fish Tacos with Quinoa,180,7.5,73.8,24.8,Dinner,Non-Veg
Lemon Paneer Rice Bowl with Flatbread,245,29.6,17.8,9.1,Lunch,Veg
Lemon Tofu Rice Bowl with Flatbread,646,34,20.6,5.4,Lunch,Non-Veg
Butter Shrimp Curry with Bread,345,38.7,9.8,23.2,Lunch,Veg
Honey Chicken Noodles with Bread,247,12.9,14.2,34.2,Dinner,Non-Veg
Butter Lentil Stir Fry with Biryani,642,27.6,66.6,18.8,Dinner,Veg
Masala Paneer Tacos with Noodles,583,32.8,80.5,13.4,Dinner,Veg
Butter Tofu Roast with Pasta,129,26.8,80,1.3,Snack,Veg
Lemon Lentil Stir Fry with Rice,460,9.8,89.8,32.4,Breakfast,Veg
BBQ Fish Noodles with Noodles,298,2.2,61.5,18.3,Dinner,Veg
Garlic Paneer Tacos with Rice,370,34.9,83.7,31.8,Dinner,Non-Veg
Masala Tofu Burger with Bun,464,11.1,45.4,29.7,Snack,Veg
Chili Beef Pasta with Biryani,532,9.8,62.4,4.3,Breakfast,Non-Veg
Masala Shrimp Stir Fry with Biryani,193,27.1,71,31.2,Snack,Veg
Garlic Fish Wrap with Bun,653,37.8,40.7,18.2,Dinner,Veg
Spicy Pork Wrap with Ramen,524,15.6,19.5,13.2,Snack,Veg
Masala Chicken Roast with Ramen,375,37,62.4,26.7,Snack,Veg
Masala Paneer Grill with Quinoa,97,38.7,58.3,23.6,Snack,Veg
Lemon Lentil Grill with Pasta,435,21.7,49.5,16.3,Lunch,Non-Veg
Herb Beef Roast with Quinoa,526,6.1,17.6,3.4,Dinner,Non-Veg
Herb Fish Rice Bowl with Biryani,673,15.9,31.8,24.7,Breakfast,Veg
Chili Turkey Noodles with Bread,81,16,49.5,2,Dinner,Veg
Spicy Fish Curry with Ramen,119,28.9,46.9,29.3,Dinner,Non-Veg
BBQ Lentil Rice Bowl with Dumpling,410,24.1,12.3,4.7,Dinner,Veg
Honey Chicken Tacos with Pasta,636,4.1,47.6,9.5,Lunch,Veg
Teriyaki Egg Rice Bowl with Flatbread,211,8.6,28.8,15.5,Lunch,Veg
Butter Chicken Burger with Bun,198,3.6,43.9,3.5,Breakfast,Veg
Masala Beef Pasta with Pasta,529,36.1,83.5,9.5,Lunch,Veg
Honey Chicken Wrap with Biryani,314,14.1,77.6,32.9,Snack,Veg
Butter Pork Salad with Pasta,616,2.6,36.4,9.9,Dinner,Veg
Butter Pork Noodles with Biryani,190,21.1,71.3,11.9,Breakfast,Non-Veg
Herb Paneer Burger with Pasta,117,20,39.7,27.6,Breakfast,Veg
Chili Tofu Soup with Bun,637,3.4,34.1,23.4,Snack,Veg
Teriyaki Tofu Noodles with Quinoa,667,27.4,86.1,24.2,Breakfast,Non-Veg
Lemon Shrimp Wrap with Quinoa,393,33.7,34.4,4.7,Breakfast,Veg
Garlic Lentil Pasta with Pasta,669,20.2,76.2,4.6,Lunch,Non-Veg
Spicy Egg Rice Bowl with Bun,198,37.7,9.6,11.6,Dinner,Non-Veg
Butter Chicken Stir Fry with Bun,573,29.6,33.7,14.1,Dinner,Veg
Masala Egg Roast with Bread,483,33.2,84.7,2.9,Snack,Non-Veg
BBQ Paneer Tacos with Noodles,497,2.6,38.6,3.2,Dinner,Non-Veg
BBQ Egg Tacos with Dumpling,145,37.6,60.9,32,Lunch,Non-Veg
Spicy Chicken Pasta with Pasta,653,24.7,9.4,10.3,Snack,Non-Veg
Teriyaki Turkey Roast with Bread,627,39.8,67.3,12.2,Dinner,Non-Veg
Butter Pork Soup with Rice,617,30.5,40.3,16.7,Snack,Veg
Herb Shrimp Stir Fry with Biryani,623,16.1,27.1,3.4,Dinner,Non-Veg
Butter Tofu Stir Fry with Quinoa,183,36.1,76.5,6.3,Lunch,Veg
Spicy Paneer Burger with Bread,509,20.4,53,34.1,Dinner,Veg
BBQ Lentil Wrap with Pasta,330,6.9,76.5,18,Snack,Veg
Teriyaki Beef Burger with Quinoa,338,30.4,14.2,18.7,Breakfast,Veg
Teriyaki Pork Curry with Flatbread,127,8.7,81.3,30.3,Breakfast,Non-Veg
Chili Fish Curry with Noodles,404,19,73.2,16.1,Snack,Non-Veg
Honey Beef Tacos with Pasta,496,30.4,35,13.3,Breakfast,Non-Veg
BBQ Fish Soup with Bread,375,17.1,37.8,6.9,Lunch,Non-Veg
Masala Chicken Salad with Noodles,365,15.5,46.8,8.9,Breakfast,Non-Veg
Butter Pork Soup with Ramen,476,27.1,60.1,10.7,Dinner,Veg
Herb Lentil Grill with Biryani,336,39.6,59.7,3.7,Breakfast,Non-Veg
Garlic Pork Salad with Bun,597,31.5,89,6.9,Breakfast,Veg
BBQ Lentil Wrap with Noodles,91,26.8,30.5,27.3,Dinner,Non-Veg
Honey Egg Tacos with Noodles,585,3.3,16.1,21.4,Dinner,Veg
Chili Paneer Salad with Dumpling,204,35.2,15.4,27,Dinner,Veg
Honey Chicken Grill with Quinoa,457,11.2,76.6,9.9,Lunch,Veg
Garlic Turkey Noodles with Quinoa,646,4.3,60.6,4.2,Snack,Non-Veg
Herb Chicken Roast with Quinoa,286,29.4,6.3,34.8,Snack,Non-Veg
BBQ Paneer Salad with Rice,199,28.3,11.6,13.3,Snack,Veg
Honey Chicken Burger with Dumpling,271,20.1,64.8,25,Snack,Veg
Herb Turkey Wrap with Rice,165,27.1,83.8,4.7,Breakfast,Non-Veg
Butter Tofu Soup with Bun,683,7.2,75.2,14.9,Snack,Veg
Herb Paneer Soup with Bun,613,21.1,10,19.2,Lunch,Veg
Spicy Fish Grill with Rice,408,11.4,48.5,23.5,Dinner,Non-Veg
Lemon Chicken Pasta with Rice,109,15.6,49.5,5.4,Lunch,Non-Veg
Garlic Fish Salad with Bread,665,27.3,17,22.6,Lunch,Veg
Chili Fish Curry with Pasta,533,6.3,15.8,30.6,Breakfast,Veg
Herb Pork Noodles with Quinoa,165,32,26,10,Breakfast,Veg
BBQ Lentil Grill with Flatbread,664,5.7,38.6,25.5,Breakfast,Non-Veg
Masala Shrimp Rice Bowl with Ramen,369,25.6,54.1,23.2,Snack,Non-Veg
Teriyaki Egg Rice Bowl with Ramen,538,26.7,5.5,7.4,Breakfast,Veg
Honey Pork Salad with Flatbread,246,13.3,73.7,23.5,Lunch,Non-Veg
Lemon Shrimp Roast with Ramen,290,16.9,57.6,4.1,Breakfast,Non-Veg
Butter Turkey Grill with Pasta,291,11.6,28.8,27.4,Dinner,Veg
Garlic Fish Tacos with Bread,522,9.3,32.1,6.7,Breakfast,Non-Veg
BBQ Egg Soup with Pasta,185,34.4,75.3,24,Lunch,Veg
Garlic Paneer Tacos with Dumpling,144,13.3,64.4,23.5,Breakfast,Veg
Teriyaki Beef Noodles with Bun,520,21.9,35.5,20.1,Breakfast,Non-Veg
Lemon Lentil Roast with Biryani,90,20.2,15.3,30.1,Breakfast,Veg
Spicy Lentil Rice Bowl with Biryani,660,36.5,57.3,32.3,Dinner,Non-Veg
Herb Beef Rice Bowl with Pasta,511,11.7,62.8,26.6,Lunch,Veg
Butter Fish Noodles with Ramen,107,18.5,72.8,12.5,Dinner,Veg
Spicy Pork Grill with Quinoa,377,33.2,43.8,3.7,Dinner,Veg
Masala Pork Curry with Ramen,288,33.9,55.1,33,Breakfast,Veg
Garlic Paneer Stir Fry with Bread,590,26.9,84.1,3.6,Dinner,Non-Veg
Masala Chicken Pasta with Dumpling,455,5.6,85.8,1.1,Snack,Non-Veg
Butter Chicken Burger with Rice,676,6.6,44.9,7.3,Breakfast,Veg
Masala Pork Noodles with Biryani,481,11,12.7,20.7,Lunch,Veg
Garlic Pork Soup with Noodles,517,15.9,21.6,15.6,Snack,Non-Veg
Teriyaki Pork Curry with Ramen,291,38,42.4,4.1,Breakfast,Non-Veg
Chili Turkey Noodles with Flatbread,354,29,77,9.8,Breakfast,Non-Veg
Herb Beef Rice Bowl with Dumpling,412,12.4,25.4,6.9,Snack,Veg
Chili Paneer Stir Fry with Ramen,126,9.4,67.5,20.3,Breakfast,Veg
Lemon Pork Salad with Bread,553,3.8,43.8,18.3,Dinner,Non-Veg
Herb Chicken Roast with Pasta,545,31.6,57.6,19.4,Snack,Veg
Herb Pork Grill with Dumpling,336,32.2,52.7,5.7,Breakfast,Veg
Garlic Turkey Roast with Bun,410,19.9,29.8,31,Dinner,Non-Veg
Butter Chicken Grill with Quinoa,269,9.3,38.6,13.3,Snack,Non-Veg
Chili Pork Pasta with Dumpling,254,34.4,57.8,19.1,Dinner,Veg
Spicy Egg Stir Fry with Bread,515,32.2,52.5,7.3,Snack,Veg
Teriyaki Shrimp Grill with Biryani,313,39.2,30.3,6.1,Dinner,Non-Veg
BBQ Pork Tacos with Bun,87,32.7,60.1,18,Snack,Non-Veg
Herb Fish Rice Bowl with Ramen,543,34.1,55.3,15.3,Breakfast,Veg
Spicy Pork Salad with Dumpling,556,3,60,2.9,Dinner,Non-Veg
Teriyaki Fish Rice Bowl with Bread,548,19.6,71.2,29.5,Breakfast,Non-Veg
Lemon Pork Noodles with Noodles,345,30.4,38,23.7,Breakfast,Non-Veg
Garlic Paneer Grill with Rice,257,33.7,74.4,10.9,Dinner,Veg
Herb Pork Burger with Bread,291,15.5,32.4,18.4,Dinner,Veg
Lemon Lentil Soup with Pasta,482,23.8,23.9,28.4,Dinner,Non-Veg
Lemon Lentil Salad with Bun,620,22.9,25,11.5,Lunch,Non-Veg
Garlic Shrimp Soup with Pasta,134,32.8,53,8.1,Breakfast,Non-Veg
Chili Egg Soup with Flatbread,582,9,5.6,31.3,Dinner,Veg
Honey Turkey Wrap with Bun,286,19.4,75.2,32.6,Breakfast,Veg
Masala Chicken Tacos with Pasta,699,12.5,87.1,29,Lunch,Veg
Teriyaki Pork Roast with Noodles,234,14.2,45.8,23.3,Breakfast,Veg
Butter Beef Soup with Quinoa,432,12.5,36.3,6.8,Breakfast,Non-Veg
Spicy Paneer Salad with Biryani,651,21.2,38,15.8,Breakfast,Veg
Herb Chicken Grill with Quinoa,421,9.7,41.3,20.9,Snack,Non-Veg
BBQ Paneer Roast with Flatbread,645,21,6,24.3,Snack,Non-Veg
Chili Turkey Wrap with Quinoa,329,9.4,60.2,17.5,Lunch,Veg
Honey Beef Salad with Ramen,622,13.2,47.1,31.8,Snack,Non-Veg
Honey Paneer Salad with Quinoa,375,10.8,24.3,4.7,Snack,Non-Veg
Lemon Beef Stir Fry with Rice,479,5.3,5.1,5.1,Breakfast,Veg
Masala Tofu Soup with Dumpling,545,10.9,68.3,11.2,Dinner,Non-Veg
Herb Paneer Salad with Biryani,593,5.5,38.4,11.7,Breakfast,Non-Veg
Lemon Turkey Stir Fry with Noodles,312,9.6,31.7,18,Breakfast,Non-Veg
Spicy Chicken Grill with Bread,531,2.8,66.1,26.3,Snack,Veg
Spicy Beef Tacos with Biryani,425,20,78.8,24.8,Lunch,Veg
Butter Tofu Salad with Quinoa,543,33.4,11.3,15.5,Snack,Veg
Garlic Turkey Tacos with Pasta,559,32.3,51.3,6.5,Lunch,Veg
Honey Turkey Roast with Biryani,438,5.7,34.8,26.4,Lunch,Veg
Garlic Tofu Stir Fry with Bread,97,24.2,76.1,18,Dinner,Non-Veg
Butter Shrimp Curry with Ramen,174,21.5,78,11.6,Dinner,Non-Veg
Honey Egg Stir Fry with Bread,519,28.5,75.6,17.9,Snack,Veg
Honey Egg Curry with Noodles,137,8.2,13,15,Dinner,Veg
Herb Shrimp Curry with Pasta,477,39.3,80.6,4,Snack,Veg
Masala Pork Tacos with Dumpling,396,27,77.2,6.2,Lunch,Veg
Honey Turkey Salad with Bread,404,25.9,51,32.9,Breakfast,Veg
Butter Lentil Soup with Quinoa,192,36.6,72.5,9.7,Snack,Non-Veg
Herb Pork Stir Fry with Pasta,607,22.2,87.6,14.4,Snack,Veg
Butter Pork Roast with Bun,205,7.4,78.7,26.9,Breakfast,Veg
BBQ Lentil Roast with Dumpling,445,39.9,89.7,3.2,Snack,Non-Veg
Herb Lentil Soup with Pasta,666,10.7,85.4,1,Breakfast,Veg
Herb Shrimp Rice Bowl with Ramen,613,21.3,80.6,23.3,Lunch,Veg
Masala Paneer Wrap with Bread,528,3,28.2,34.2,Dinner,Veg
Masala Beef Tacos with Pasta,235,14.5,73.3,25.2,Snack,Veg
Garlic Beef Burger with Dumpling,669,15.2,78.9,13.7,Lunch,Non-Veg
Butter Chicken Pasta with Bread,547,19.8,45.7,28.2,Dinner,Non-Veg
BBQ Chicken Burger with Quinoa,388,23.9,82.2,26.1,Breakfast,Non-Veg
Masala Turkey Burger with Bread,229,34.1,55.8,14.9,Lunch,Veg
Spicy Tofu Stir Fry with Biryani,510,35.2,64.2,30.5,Breakfast,Non-Veg
Spicy Pork Curry with Bun,500,17.3,38.9,22.1,Breakfast,Non-Veg
BBQ Beef Noodles with Dumpling,219,5.3,17.4,14.8,Lunch,Veg
Lemon Shrimp Pasta with Noodles,521,26,89.5,2.3,Lunch,Veg
Chili Turkey Soup with Bread,163,22.4,80.1,24.1,Snack,Veg
Masala Beef Burger with Noodles,164,28.8,58.6,18,Breakfast,Non-Veg
Spicy Tofu Grill with Bread,116,18.3,24.3,13.5,Snack,Non-Veg
Herb Lentil Grill with Ramen,160,26.3,36.2,29.1,Breakfast,Non-Veg
Herb Chicken Noodles with Flatbread,643,17.6,63.6,24.3,Lunch,Non-Veg
Teriyaki Turkey Tacos with Flatbread,158,15.9,82,17.5,Dinner,Non-Veg
Masala Fish Soup with Ramen,279,22.8,73.8,5.4,Lunch,Veg
BBQ Paneer Roast with Pasta,153,34.4,66.5,13.2,Dinner,Non-Veg
Garlic Beef Pasta with Quinoa,587,27.1,6.8,32.4,Snack,Non-Veg
Teriyaki Lentil Soup with Dumpling,595,29.1,87.5,10.1,Snack,Non-Veg
Masala Lentil Soup with Pasta,537,36.7,51.9,12,Breakfast,Non-Veg
Spicy Lentil Wrap with Flatbread,667,37.5,84.5,26.1,Lunch,Veg
Lemon Beef Rice Bowl with Bread,676,21.3,82.3,15.6,Lunch,Veg
Butter Turkey Roast with Ramen,522,18.4,31.1,7.4,Lunch,Veg
Teriyaki Paneer Wrap with Biryani,364,10.2,74.5,4.1,Dinner,Veg
Garlic Fish Noodles with Noodles,420,33.9,23.1,34.6,Snack,Veg
Honey Lentil Soup with Pasta,119,27.1,42.3,22.2,Dinner,Non-Veg
Teriyaki Lentil Salad with Bun,239,35.1,23.8,15.7,Breakfast,Non-Veg
Teriyaki Tofu Burger with Quinoa,193,9.6,42.4,14.8,Lunch,Non-Veg
Chili Lentil Burger with Biryani,142,37.1,55.3,28.4,Dinner,Non-Veg
Spicy Shrimp Burger with Bun,340,25.5,65.4,3.3,Breakfast,Veg
Masala Lentil Salad with Noodles,314,34.7,13.4,9,Lunch,Non-Veg
Butter Chicken Pasta with Flatbread,476,8.3,70.9,32.3,Dinner,Veg
Garlic Egg Curry with Flatbread,363,24.8,25.9,26.5,Dinner,Non-Veg
Chili Paneer Curry with Bun,176,13.3,80.5,25,Breakfast,Non-Veg
Butter Lentil Stir Fry with Dumpling,230,23.7,33.8,3.5,Breakfast,Non-Veg
Herb Beef Soup with Bun,319,24,10.7,8,Breakfast,Non-Veg
Herb Shrimp Wrap with Ramen,314,11.9,17.1,25,Snack,Veg
Chili Lentil Stir Fry with Ramen,471,12,47,20.7,Breakfast,Non-Veg
Teriyaki Beef Pasta with Bun,381,21.7,8.7,7.4,Lunch,Veg
BBQ Paneer Pasta with Dumpling,681,2.1,11.2,33.3,Snack,Veg
Chili Lentil Stir Fry with Biryani,129,16.9,53,25.9,Breakfast,Veg
Chili Beef Roast with Biryani,348,19.9,43.7,7.8,Snack,Veg
Spicy Chicken Grill with Bun,643,38.7,23.6,11.6,Breakfast,Non-Veg
Chili Paneer Tacos with Ramen,422,38.6,19.4,18.2,Dinner,Non-Veg
Spicy Tofu Salad with Bun,464,21.2,6.1,23.5,Dinner,Veg
Honey Chicken Burger with Bread,600,39.8,54.3,17.6,Breakfast,Non-Veg
Masala Tofu Salad with Dumpling,164,6.7,79.6,4.7,Breakfast,Non-Veg
Garlic Turkey Grill with Bread,431,33.2,20.5,22.1,Snack,Veg
Honey Paneer Roast with Bun,254,29,47.1,7.7,Snack,Non-Veg
Butter Chicken Salad with Noodles,130,23.1,38.7,15.1,Snack,Non-Veg
Teriyaki Chicken Noodles with Pasta,569,14.7,65.4,27.9,Lunch,Veg
Herb Shrimp Soup with Bread,288,16.6,57.8,16.1,Snack,Veg
Lemon Lentil Curry with Bread,321,12.5,57,11.9,Lunch,Veg
Masala Fish Noodles with Bread,358,30.5,71.2,29,Lunch,Veg
Masala Turkey Burger with Rice,197,20.6,54.3,13.4,Breakfast,Non-Veg
Teriyaki Turkey Burger with Rice,322,3.3,60.3,15.4,Dinner,Veg
Honey Chicken Salad with Bun,483,29.1,35.5,20.8,Breakfast,Veg
Honey Pork Pasta with Bread,376,6.6,49.7,26.6,Breakfast,Non-Veg
Spicy Beef Stir Fry with Bun,297,30.1,41.7,18.8,Breakfast,Non-Veg
Garlic Turkey Roast with Quinoa,652,39.3,26.9,21.9,Snack,Veg
Butter Fish Tacos with Rice,275,24.4,71.4,12.2,Breakfast,Non-Veg
Spicy Beef Burger with Rice,640,18.6,66.7,23,Dinner,Non-Veg
Butter Tofu Soup with Bread,511,32.4,29.6,15.4,Breakfast,Non-Veg
Chili Lentil Tacos with Rice,633,2.2,44.2,14.6,Dinner,Non-Veg
Honey Chicken Curry with Flatbread,591,32.6,6.8,8.6,Dinner,Non-Veg
Lemon Tofu Pasta with Dumpling,334,4.5,76.1,16.2,Dinner,Non-Veg
Spicy Egg Noodles with Ramen,151,7.3,15.4,30.5,Snack,Veg
Herb Tofu Rice Bowl with Dumpling,438,28.2,15.8,9.7,Lunch,Veg
BBQ Egg Salad with Dumpling,195,21.2,88.9,23.5,Dinner,Non-Veg
Spicy Beef Wrap with Pasta,326,26.1,5.8,25.8,Snack,Non-Veg
Lemon Pork Stir Fry with Bun,557,36.8,64.4,17.3,Dinner,Non-Veg
Herb Fish Stir Fry with Biryani,288,4.9,56.3,20,Lunch,Non-Veg
Honey Egg Grill with Bread,174,17.5,5.8,5.1,Dinner,Non-Veg
Spicy Lentil Roast with Rice,510,3.5,43.5,9.4,Lunch,Non-Veg
Herb Shrimp Noodles with Bun,84,31.4,7.6,12.7,Lunch,Veg
Masala Paneer Curry with Rice,686,14.9,71.9,18.8,Lunch,Non-Veg
Chili Egg Salad with Dumpling,329,30.3,53,11,Snack,Veg
Chili Beef Pasta with Bread,341,32.8,80.7,13.8,Breakfast,Non-Veg
BBQ Fish Pasta with Bread,529,31.1,63.2,9.7,Snack,Non-Veg
Spicy Paneer Curry with Bun,443,16.3,7.9,8.8,Lunch,Veg
Honey Lentil Rice Bowl with Flatbread,238,25.5,88.9,13.1,Lunch,Veg
Lemon Beef Burger with Flatbread,186,39.1,24.6,30.7,Breakfast,Non-Veg
BBQ Paneer Noodles with Bread,537,9.7,64.1,23.5,Breakfast,Veg
Spicy Beef Roast with Ramen,660,5.6,18.3,24.7,Snack,Non-Veg
Garlic Egg Roast with Quinoa,516,20,16,31.8,Snack,Non-Veg
Herb Shrimp Curry with Ramen,278,12.5,12,1.6,Breakfast,Non-Veg
Butter Paneer Wrap with Bread,444,14.8,18.3,5.6,Snack,Veg
Masala Turkey Stir Fry with Biryani,573,21.2,27.3,20.6,Breakfast,Non-Veg
BBQ Shrimp Roast with Quinoa,452,10.9,58.2,30,Snack,Non-Veg
Butter Pork Salad with Ramen,381,39.9,43.7,33.4,Dinner,Veg
Lemon Beef Grill with Biryani,462,33.6,38.3,13.2,Snack,Veg
Masala Turkey Salad with Ramen,426,22.6,46.8,12.4,Breakfast,Veg
Spicy Fish Soup with Flatbread,402,12.1,24.9,5.2,Dinner,Non-Veg
Lemon Chicken Pasta with Dumpling,306,24,50.3,19.6,Lunch,Veg
Honey Pork Curry with Dumpling,395,19.9,32.8,32.2,Breakfast,Veg
Spicy Paneer Wrap with Bread,684,38,8.7,6.4,Breakfast,Veg
Garlic Tofu Stir Fry with Noodles,647,3.9,14.9,20.2,Breakfast,Veg
Chili Pork Pasta with Pasta,625,9.7,81.8,16,Dinner,Veg
Lemon Shrimp Curry with Quinoa,326,18,68.1,2.2,Dinner,Non-Veg
Spicy Chicken Soup with Quinoa,86,37.2,74.9,3,Breakfast,Veg
Masala Turkey Tacos with Biryani,118,10.3,55.5,3.7,Breakfast,Veg
Spicy Paneer Pasta with Ramen,559,31,28,14.7,Breakfast,Veg
Masala Paneer Curry with Dumpling,422,30.3,19.5,21.9,Snack,Non-Veg
Chili Fish Pasta with Flatbread,555,11,33.9,4.3,Breakfast,Veg
Masala Pork Stir Fry with Bun,269,33.3,73.9,34.7,Lunch,Non-Veg
Masala Beef Pasta with Quinoa,528,11.9,57.3,28.7,Dinner,Veg
Lemon Pork Tacos with Flatbread,648,18.3,89.2,26.4,Lunch,Non-Veg
Garlic Tofu Salad with Flatbread,399,3.9,67.5,27.9,Lunch,Non-Veg
Honey Chicken Rice Bowl with Noodles,559,4.4,73.4,26.8,Lunch,Non-Veg
Masala Turkey Wrap with Quinoa,425,26.7,42,19.2,Lunch,Non-Veg
BBQ Lentil Curry with Biryani,387,14.5,15.1,21,Breakfast,Veg
BBQ Tofu Salad with Quinoa,557,20.5,42.2,5.7,Dinner,Non-Veg
Honey Turkey Salad with Pasta,292,14.1,47.8,21.8,Snack,Non-Veg
BBQ Shrimp Salad with Pasta,478,23.6,74.9,13.6,Breakfast,Non-Veg
Butter Paneer Salad with Ramen,439,21.1,19.2,6,Snack,Non-Veg
Lemon Egg Noodles with Bread,418,7.3,32.8,4.6,Lunch,Veg
Masala Chicken Soup with Biryani,304,15,36.5,15.9,Breakfast,Veg
Herb Turkey Noodles with Bun,148,12.1,9.2,19.1,Breakfast,Veg
Teriyaki Lentil Wrap with Flatbread,412,6.6,56.9,28.3,Lunch,Veg
Spicy Fish Stir Fry with Rice,647,39,72.9,18.5,Snack,Non-Veg
Honey Beef Tacos with Ramen,290,17.7,11.6,33,Lunch,Veg
Honey Shrimp Roast with Dumpling,422,12.3,42.5,14.5,Lunch,Veg
Garlic Egg Tacos with Dumpling,358,11.5,60.1,4.3,Breakfast,Non-Veg
Masala Pork Stir Fry with Dumpling,647,33.5,74.3,25.5,Lunch,Veg
Masala Chicken Rice Bowl with Dumpling,173,16.7,39.8,18.1,Dinner,Non-Veg
BBQ Egg Soup with Quinoa,661,15.1,14.1,32.1,Snack,Veg
Spicy Pork Stir Fry with Pasta,334,27.6,56.3,20.5,Dinner,Veg
Garlic Lentil Burger with Biryani,459,28.3,85.9,10.4,Lunch,Non-Veg
Honey Shrimp Stir Fry with Rice,374,34.8,25.6,18.2,Lunch,Veg
Masala Beef Roast with Flatbread,308,8.2,43.5,21.4,Breakfast,Veg
Chili Egg Noodles with Flatbread,486,6.9,29.2,33,Snack,Non-Veg
BBQ Egg Noodles with Flatbread,400,8.8,25,15.7,Breakfast,Non-Veg
Teriyaki Egg Burger with Dumpling,184,5.2,54.5,6.8,Breakfast,Non-Veg
Garlic Pork Tacos with Flatbread,177,26.1,56.8,2.2,Snack,Non-Veg
Herb Fish Curry with Bread,495,29,80.9,13.6,Dinner,Veg
Lemon Paneer Tacos with Rice,390,19.3,69,2.3,Snack,Non-Veg
Spicy Turkey Wrap with Ramen,283,9.4,43.6,30.1,Snack,Non-Veg
Chili Lentil Burger with Flatbread,266,19.4,60.9,8.9,Breakfast,Veg
BBQ Shrimp Stir Fry with Dumpling,255,19.1,69.4,1.8,Breakfast,Non-Veg
Herb Lentil Stir Fry with Rice,90,15,86.9,16.8,Snack,Non-Veg
Masala Turkey Grill with Noodles,215,37.3,85.3,28,Dinner,Veg
Honey Chicken Soup with Flatbread,131,9.5,70.7,6.9,Breakfast,Veg
Teriyaki Lentil Soup with Noodles,634,4.4,7.8,15.9,Lunch,Veg
BBQ Turkey Grill with Biryani,375,5.4,28.1,29.7,Dinner,Veg
Honey Tofu Pasta with Biryani,268,33.2,73.4,4.9,Breakfast,Non-Veg
Masala Pork Tacos with Biryani,201,39.2,82.4,8.1,Lunch,Non-Veg
Teriyaki Chicken Curry with Ramen,321,19.9,51.2,3.8,Dinner,Veg
Chili Paneer Tacos with Bread,289,21.5,49.3,29.1,Dinner,Non-Veg
Garlic Paneer Burger with Ramen,366,15.3,49.7,21.8,Breakfast,Non-Veg
Lemon Paneer Grill with Flatbread,300,32.3,29.3,31,Dinner,Non-Veg
Spicy Shrimp Soup with Dumpling,343,36.9,54.3,7.9,Lunch,Non-Veg
Spicy Shrimp Burger with Bread,683,36.7,71.8,10.8,Snack,Veg
Herb Fish Burger with Quinoa,164,34.4,71.8,21.6,Snack,Veg
Herb Lentil Noodles with Noodles,298,24.7,75.5,16.2,Breakfast,Veg
Garlic Beef Pasta with Rice,504,11.9,23.9,4.8,Dinner,Non-Veg
Garlic Chicken Salad with Rice,96,18.2,41.4,13.1,Breakfast,Veg
Garlic Beef Grill with Pasta,393,38.6,8.8,8.2,Breakfast,Non-Veg
Teriyaki Pork Noodles with Dumpling,253,30.8,54.7,15.2,Breakfast,Veg
Spicy Chicken Wrap with Bread,680,6.7,31.9,25.5,Snack,Non-Veg
Lemon Shrimp Grill with Pasta,203,13.2,57.3,11.5,Lunch,Veg
Garlic Paneer Roast with Bread,240,21.2,7.9,18.8,Snack,Non-Veg
Garlic Tofu Curry with Quinoa,672,3.5,26.4,22.8,Dinner,Non-Veg
Chili Paneer Tacos with Quinoa,273,24.5,6.7,3.1,Lunch,Veg
Spicy Beef Noodles with Noodles,444,23.5,87.6,22,Lunch,Veg
BBQ Beef Stir Fry with Rice,666,21.6,79.8,23.2,Lunch,Non-Veg
Chili Paneer Grill with Dumpling,460,6.5,74.7,27.4,Dinner,Veg
BBQ Paneer Pasta with Rice,99,7.1,39.8,31,Breakfast,Veg
Honey Beef Tacos with Quinoa,222,29.1,46.6,21.9,Dinner,Non-Veg
Masala Shrimp Stir Fry with Noodles,104,19.9,87.3,20.7,Dinner,Non-Veg
Lemon Tofu Roast with Dumpling,348,36.5,53.2,9.3,Snack,Non-Veg
Teriyaki Chicken Curry with Bun,639,10.3,19.6,22.2,Dinner,Veg
Lemon Lentil Wrap with Biryani,536,14.3,54.5,17.1,Snack,Veg
Spicy Lentil Pasta with Pasta,151,12.8,9.7,19.7,Snack,Non-Veg
Butter Beef Salad with Flatbread,383,31.6,21.2,15.6,Dinner,Non-Veg
Masala Tofu Curry with Rice,437,33.2,62,6.3,Breakfast,Veg
Butter Turkey Wrap with Quinoa,533,16.3,70,15.3,Lunch,Veg
Honey Shrimp Pasta with Ramen,552,3.5,71.5,19.4,Dinner,Non-Veg
Spicy Shrimp Tacos with Flatbread,671,5.4,41.2,25.2,Dinner,Veg
Herb Paneer Wrap with Dumpling,408,14.4,43.2,7,Breakfast,Non-Veg
Teriyaki Pork Roast with Rice,296,27.3,62.2,23.3,Snack,Non-Veg
Honey Pork Rice Bowl with Ramen,294,10.6,55.2,5.3,Dinner,Non-Veg
Masala Chicken Tacos with Flatbread,563,16.4,58.1,18.2,Dinner,Non-Veg
Garlic Beef Stir Fry with Rice,325,27.4,68,8,Lunch,Veg
Teriyaki Paneer Noodles with Bread,347,8,23.1,20.3,Breakfast,Veg
Lemon Paneer Curry with Dumpling,517,27.4,50.8,2.8,Lunch,Veg
Masala Tofu Tacos with Bun,364,23.5,28.9,28.9,Dinner,Veg
Honey Paneer Roast with Pasta,380,32.8,60.2,16.3,Lunch,Non-Veg
Honey Pork Burger with Bread,128,38.4,29.9,10.9,Breakfast,Non-Veg
Lemon Fish Salad with Bread,271,7.2,66.1,20.1,Snack,Veg
Chili Beef Grill with Pasta,630,5.2,23.9,29.9,Snack,Non-Veg
Lemon Turkey Soup with Quinoa,214,2.4,17,26.3,Lunch,Veg
Teriyaki Lentil Grill with Bun,548,17.1,26.1,13.6,Breakfast,Veg
Teriyaki Beef Grill with Noodles,279,4.7,77,30.6,Breakfast,Veg
BBQ Shrimp Curry with Pasta,310,15.7,40.2,16.6,Breakfast,Veg
Butter Tofu Soup with Biryani,262,22.9,88.1,19.5,Snack,Non-Veg
Masala Lentil Soup with Bread,589,14.4,5.1,22.5,Dinner,Non-Veg
Honey Tofu Pasta with Ramen,282,14,41.9,19.6,Lunch,Non-Veg
Herb Shrimp Wrap with Noodles,156,36.9,18.5,17.6,Snack,Veg
Butter Egg Burger with Noodles,443,15.7,55.1,25.9,Snack,Veg
Lemon Beef Wrap with Ramen,473,21.3,15.4,10.7,Snack,Veg
BBQ Pork Grill with Flatbread,350,6.2,51.1,32.4,Lunch,Non-Veg
Spicy Beef Stir Fry with Bread,214,3.9,70,15.1,Breakfast,Non-Veg
Honey Egg Salad with Bun,145,5.2,29.7,30,Snack,Veg
Butter Shrimp Salad with Bread,379,26.6,81.4,2.9,Snack,Non-Veg
Honey Beef Stir Fry with Noodles,559,27.8,33.8,8,Dinner,Veg
BBQ Lentil Burger with Quinoa,171,7,49.4,24.3,Snack,Veg
Teriyaki Shrimp Tacos with Pasta,468,30.6,76.1,21.9,Lunch,Non-Veg
Butter Egg Noodles with Bun,198,26.5,74.6,26.2,Snack,Non-Veg
Garlic Tofu Noodles with Pasta,125,33,46.2,15.7,Breakfast,Non-Veg
Honey Pork Curry with Pasta,89,18.1,17.5,33,Breakfast,Non-Veg
Teriyaki Fish Salad with Dumpling,373,4.5,11.4,33.8,Dinner,Veg
Honey Shrimp Soup with Biryani,498,11.9,83.9,4.2,Snack,Non-Veg
Lemon Chicken Burger with Bread,336,25.5,6.2,10.5,Dinner,Non-Veg
Lemon Beef Roast with Noodles,351,26.5,10.8,20,Lunch,Non-Veg
Masala Beef Grill with Dumpling,681,10.3,74.3,10.6,Dinner,Veg
Garlic Tofu Pasta with Flatbread,538,5.3,85.4,3.3,Dinner,Non-Veg
Chili Lentil Wrap with Bun,483,30.2,6.9,18.2,Lunch,Veg
BBQ Paneer Wrap with Biryani,423,26.9,9.5,19.6,Lunch,Veg
Chili Chicken Pasta with Biryani,298,38.9,37.2,7,Lunch,Veg
Butter Beef Grill with Flatbread,270,7.2,6.1,28.6,Breakfast,Non-Veg
BBQ Turkey Soup with Flatbread,514,10.2,7.4,6.6,Breakfast,Non-Veg
Herb Chicken Curry with Rice,275,35.8,32.2,5.8,Lunch,Non-Veg
Butter Pork Pasta with Bread,216,8.8,44.3,31.9,Snack,Veg
BBQ Beef Grill with Noodles,186,27,70,9.6,Dinner,Veg
Spicy Tofu Roast with Flatbread,91,5.6,69.2,25.8,Lunch,Non-Veg
Teriyaki Fish Salad with Biryani,684,37.8,6.1,33.6,Dinner,Veg
Garlic Paneer Stir Fry with Quinoa,331,33.2,83.3,26.5,Snack,Non-Veg
Teriyaki Paneer Wrap with Pasta,320,7.3,81.8,19.3,Breakfast,Non-Veg
Honey Pork Tacos with Bun,129,16.2,43.2,16.1,Dinner,Non-Veg
Lemon Turkey Curry with Flatbread,242,18.3,14.1,15.7,Breakfast,Non-Veg
Teriyaki Egg Pasta with Flatbread,494,13.4,29.6,18.1,Snack,Non-Veg
Honey Shrimp Rice Bowl with Flatbread,307,13.3,70.9,4.7,Snack,Veg
Honey Paneer Salad with Flatbread,533,9.7,60.5,28.4,Breakfast,Veg
Masala Shrimp Wrap with Bun,187,10.8,73.3,7,Breakfast,Veg
Butter Shrimp Tacos with Bun,266,31.7,26.9,17.7,Dinner,Non-Veg
Masala Pork Salad with Dumpling,419,34.4,78.3,20.7,Snack,Veg
Herb Chicken Noodles with Rice,525,9.3,83.8,14.6,Snack,Non-Veg
Honey Paneer Noodles with Bread,538,5.1,87.2,10.4,Dinner,Non-Veg
Spicy Tofu Salad with Ramen,605,31.1,43.6,21.4,Snack,Non-Veg
Masala Fish Pasta with Dumpling,181,37.5,64.6,31.5,Lunch,Non-Veg
Garlic Chicken Wrap with Noodles,576,38.2,89.5,13.1,Breakfast,Non-Veg
Garlic Pork Wrap with Noodles,362,10.8,15,12.2,Dinner,Non-Veg
Teriyaki Egg Curry with Noodles,267,28.7,39.5,17.5,Dinner,Veg
Honey Tofu Noodles with Ramen,251,2.8,64.3,23.7,Breakfast,Non-Veg
Lemon Shrimp Wrap with Bread,453,39.9,44.9,23.1,Breakfast,Veg
Chili Pork Noodles with Bread,254,31.2,65.9,7.8,Dinner,Veg
Chili Paneer Rice Bowl with Pasta,619,27.2,16,29.4,Snack,Non-Veg
Garlic Egg Grill with Flatbread,407,14.5,16.7,8.9,Snack,Veg
BBQ Fish Salad with Dumpling,183,23.9,9.6,10.8,Breakfast,Veg
Garlic Lentil Roast with Quinoa,658,27.3,34.4,20.5,Breakfast,Veg
Teriyaki Turkey Salad with Noodles,492,29,88.2,8.6,Snack,Non-Veg
Garlic Pork Curry with Bread,278,18.7,10.4,25.2,Snack,Veg
Teriyaki Turkey Tacos with Bun,241,39.7,6.3,1.6,Breakfast,Non-Veg
Spicy Chicken Noodles with Pasta,128,21.6,71.8,34.5,Lunch,Non-Veg
Butter Pork Tacos with Flatbread,608,36.8,45.2,12.8,Lunch,Veg
Butter Paneer Soup with Pasta,521,4.2,41,6.7,Dinner,Non-Veg
Chili Egg Roast with Flatbread,133,39.8,52.7,24.6,Dinner,Non-Veg
BBQ Pork Rice Bowl with Flatbread,325,20.8,84.6,13.6,Snack,Non-Veg
Garlic Paneer Salad with Ramen,455,17.8,19.1,12.7,Dinner,Veg
Herb Egg Burger with Bun,630,32,85.5,22,Dinner,Veg
Lemon Turkey Rice Bowl with Noodles,574,37.4,11.9,13,Snack,Veg
Garlic Fish Stir Fry with Ramen,585,36.6,28.4,4.6,Lunch,Non-Veg
Herb Pork Grill with Biryani,236,24.2,44,9.4,Snack,Non-Veg
Teriyaki Paneer Salad with Pasta,594,4.6,24.1,12,Breakfast,Veg
Spicy Turkey Tacos with Noodles,193,7.9,5.8,12.1,Snack,Non-Veg
Lemon Shrimp Salad with Dumpling,636,28.3,23.7,28.2,Snack,Veg
Spicy Tofu Stir Fry with Ramen,186,39.8,33.3,15.9,Lunch,Veg
Masala Paneer Tacos with Quinoa,599,18.8,45.4,24.3,Dinner,Veg
Garlic Fish Soup with Quinoa,119,28.5,29.7,9.9,Lunch,Veg
Butter Egg Soup with Noodles,401,28.4,89.6,22.5,Lunch,Non-Veg
Lemon Beef Pasta with Bread,235,16.4,46,16.5,Breakfast,Veg
Spicy Paneer Pasta with Bread,193,18.4,14.3,30,Snack,Non-Veg
Herb Shrimp Pasta with Rice,643,29.8,46.7,32.3,Lunch,Veg
Masala Tofu Wrap with Bread,464,18,26.8,24.1,Snack,Veg
Teriyaki Fish Pasta with Biryani,299,30.3,51.6,24.6,Snack,Veg
Garlic Fish Pasta with Dumpling,666,34.6,14,33.8,Lunch,Non-Veg
Masala Shrimp Wrap with Noodles,96,6.9,21.8,19.6,Lunch,Non-Veg
Herb Lentil Grill with Pasta,294,23.8,86.3,3.8,Lunch,Veg
Honey Tofu Roast with Quinoa,106,39,64.9,29.7,Snack,Non-Veg
Chili Paneer Salad with Biryani,593,14.2,11.2,8.9,Snack,Veg
Masala Tofu Soup with Flatbread,573,8.2,59.9,30.7,Snack,Veg
Butter Lentil Burger with Ramen,545,27.5,62.2,29.2,Dinner,Veg
Chili Pork Pasta with Quinoa,120,2.2,60.6,26,Breakfast,Non-Veg
BBQ Tofu Grill with Ramen,437,34.1,30.2,24.5,Dinner,Non-Veg
Herb Egg Noodles with Flatbread,481,21.5,78.4,30.9,Lunch,Non-Veg
Herb Paneer Curry with Quinoa,306,38.2,11.7,13.8,Dinner,Veg
Chili Tofu Burger with Bread,393,14.6,18.3,6.4,Lunch,Veg
Spicy Chicken Burger with Bread,421,19.1,17.7,16.2,Breakfast,Non-Veg
Garlic Pork Salad with Flatbread,275,21.7,40.1,33.3,Dinner,Non-Veg
Honey Pork Noodles with Bread,506,24.7,33.4,1.3,Lunch,Veg
Teriyaki Egg Wrap with Dumpling,663,18.1,35.6,33.4,Breakfast,Veg
Spicy Egg Wrap with Flatbread,170,21.1,14.3,20,Snack,Veg
Honey Egg Salad with Bread,499,28.8,34.2,29.8,Snack,Veg
BBQ Shrimp Stir Fry with Rice,234,34.7,12,4.8,Snack,Non-Veg
Chili Fish Noodles with Ramen,653,22.6,50.5,20.6,Snack,Veg
Garlic Lentil Tacos with Quinoa,473,39.2,41,34.6,Lunch,Non-Veg
Garlic Shrimp Stir Fry with Rice,254,2.4,69.9,12.6,Breakfast,Veg
Chili Turkey Pasta with Dumpling,226,4.7,82.9,2.8,Snack,Veg
BBQ Fish Grill with Ramen,137,9.4,38.9,29.7,Breakfast,Veg
Teriyaki Beef Grill with Bread,125,6.7,59.4,23.7,Dinner,Veg
Lemon Turkey Roast with Ramen,629,8.3,74.4,3.7,Dinner,Non-Veg
Masala Fish Burger with Pasta,365,31.5,68.4,10.5,Lunch,Veg
Honey Beef Roast with Dumpling,177,14.5,58.1,33,Breakfast,Non-Veg
Lemon Shrimp Roast with Dumpling,349,13.6,17.7,14.4,Dinner,Non-Veg
Butter Beef Rice Bowl with Biryani,437,8.8,47.9,32.9,Snack,Veg
Teriyaki Shrimp Noodles with Dumpling,332,14.2,7,26,Lunch,Veg
Chili Chicken Noodles with Dumpling,442,3.3,10.2,14.9,Snack,Non-Veg
Garlic Paneer Grill with Quinoa,675,27.5,89.5,10.3,Dinner,Non-Veg
Garlic Lentil Roast with Flatbread,362,7.3,18.6,11,Breakfast,Non-Veg
Spicy Shrimp Grill with Rice,151,8,31,27.4,Breakfast,Non-Veg
Butter Paneer Stir Fry with Bun,261,15,80.8,3.3,Dinner,Non-Veg
Garlic Egg Pasta with Bun,177,34.1,30.5,32.6,Lunch,Non-Veg
BBQ Lentil Pasta with Bun,444,28.3,32.4,27.9,Lunch,Veg
Chili Paneer Noodles with Flatbread,133,32.7,22,9.9,Snack,Veg
Herb Egg Wrap with Noodles,412,31.1,14.1,30.7,Breakfast,Veg
BBQ Shrimp Soup with Bread,377,29,16.4,15.5,Lunch,Non-Veg
Masala Egg Pasta with Bread,443,39.5,36.5,6.3,Snack,Veg
Honey Shrimp Grill with Rice,656,17.3,73.1,16.7,Breakfast,Non-Veg
Spicy Lentil Wrap with Pasta,310,29.5,28.9,4.3,Breakfast,Veg
